emoji,emoji_text,emoji_decimal
ğŸ˜€,GRINNING FACE,&#128512;
ğŸ˜,GRINNING FACE WITH SMILING EYES,&#128513;
ğŸ˜‚,FACE WITH TEARS OF JOY,&#128514;
ğŸ¤£,ROLLING ON THE FLOOR LAUGHING,&#129315;
ğŸ˜ƒ,SMILING FACE WITH OPEN MOUTH,&#128515;
ğŸ˜„,SMILING FACE WITH OPEN MOUTH AND SMILING EYES â‰Š smiling face with open mouth & smiling eyes,&#128516;
ğŸ˜…,SMILING FACE WITH OPEN MOUTH AND COLD SWEAT â‰Š smiling face with open mouth & cold sweat,&#128517;
ğŸ˜†,SMILING FACE WITH OPEN MOUTH AND TIGHTLY-CLOSED EYES â‰Š smiling face with open mouth & closed eyes,&#128518;
ğŸ˜‰,WINKING FACE,&#128521;
ğŸ˜Š,SMILING FACE WITH SMILING EYES,&#128522;
ğŸ˜‹,FACE SAVOURING DELICIOUS FOOD,&#128523;
ğŸ˜,SMILING FACE WITH SUNGLASSES,&#128526;
ğŸ˜,SMILING FACE WITH HEART-SHAPED EYES â‰Š smiling face with heart-eyes,&#128525;
ğŸ˜˜,FACE THROWING A KISS,&#128536;
ğŸ˜—,KISSING FACE,&#128535;
ğŸ˜™,KISSING FACE WITH SMILING EYES,&#128537;
ğŸ˜š,KISSING FACE WITH CLOSED EYES,&#128538;
â˜º,WHITE SMILING FACE â‰Š smiling face,&#9786;
ğŸ™‚,SLIGHTLY SMILING FACE,&#128578;
ğŸ¤—,HUGGING FACE,&#129303;
ğŸ¤”,THINKING FACE,&#129300;
ğŸ˜,NEUTRAL FACE,&#128528;
ğŸ˜‘,EXPRESSIONLESS FACE,&#128529;
ğŸ˜¶,FACE WITHOUT MOUTH,&#128566;
ğŸ™„,FACE WITH ROLLING EYES,&#128580;
ğŸ˜,SMIRKING FACE,&#128527;
ğŸ˜£,PERSEVERING FACE,&#128547;
ğŸ˜¥,DISAPPOINTED BUT RELIEVED FACE,&#128549;
ğŸ˜®,FACE WITH OPEN MOUTH,&#128558;
ğŸ¤,ZIPPER-MOUTH FACE,&#129296;
ğŸ˜¯,HUSHED FACE,&#128559;
ğŸ˜ª,SLEEPY FACE,&#128554;
ğŸ˜«,TIRED FACE,&#128555;
ğŸ˜´,SLEEPING FACE,&#128564;
ğŸ˜Œ,RELIEVED FACE,&#128524;
ğŸ¤“,NERD FACE,&#129299;
ğŸ˜›,FACE WITH STUCK-OUT TONGUE,&#128539;
ğŸ˜œ,FACE WITH STUCK-OUT TONGUE AND WINKING EYE â‰Š face with stuck-out tongue & winking eye,&#128540;
ğŸ˜,FACE WITH STUCK-OUT TONGUE AND TIGHTLY-CLOSED EYES â‰Š face with stuck-out tongue & closed eyes,&#128541;
ğŸ¤¤,DROOLING FACE,&#129316;
ğŸ˜’,UNAMUSED FACE,&#128530;
ğŸ˜“,FACE WITH COLD SWEAT,&#128531;
ğŸ˜”,PENSIVE FACE,&#128532;
ğŸ˜•,CONFUSED FACE,&#128533;
ğŸ™ƒ,UPSIDE-DOWN FACE,&#128579;
ğŸ¤‘,MONEY-MOUTH FACE,&#129297;
ğŸ˜²,ASTONISHED FACE,&#128562;
â˜¹,WHITE FROWNING FACE â‰Š frowning face,&#9785;
ğŸ™,SLIGHTLY FROWNING FACE,&#128577;
ğŸ˜–,CONFOUNDED FACE,&#128534;
ğŸ˜,DISAPPOINTED FACE,&#128542;
ğŸ˜Ÿ,WORRIED FACE,&#128543;
ğŸ˜¤,FACE WITH LOOK OF TRIUMPH â‰Š face with steam from nose,&#128548;
ğŸ˜¢,CRYING FACE,&#128546;
ğŸ˜­,LOUDLY CRYING FACE,&#128557;
ğŸ˜¦,FROWNING FACE WITH OPEN MOUTH,&#128550;
ğŸ˜§,ANGUISHED FACE,&#128551;
ğŸ˜¨,FEARFUL FACE,&#128552;
ğŸ˜©,WEARY FACE,&#128553;
ğŸ˜¬,GRIMACING FACE,&#128556;
ğŸ˜°,FACE WITH OPEN MOUTH AND COLD SWEAT â‰Š face with open mouth & cold sweat,&#128560;
ğŸ˜±,FACE SCREAMING IN FEAR,&#128561;
ğŸ˜³,FLUSHED FACE,&#128563;
ğŸ˜µ,DIZZY FACE,&#128565;
ğŸ˜¡,POUTING FACE,&#128545;
ğŸ˜ ,ANGRY FACE,&#128544;
ğŸ˜‡,SMILING FACE WITH HALO,&#128519;
ğŸ¤ ,FACE WITH COWBOY HAT â‰Š cowboy hat face,&#129312;
ğŸ¤¡,CLOWN FACE,&#129313;
ğŸ¤¥,LYING FACE,&#129317;
ğŸ˜·,FACE WITH MEDICAL MASK,&#128567;
ğŸ¤’,FACE WITH THERMOMETER,&#129298;
ğŸ¤•,FACE WITH HEAD-BANDAGE,&#129301;
ğŸ¤¢,NAUSEATED FACE,&#129314;
ğŸ¤§,SNEEZING FACE,&#129319;
ğŸ˜ˆ,SMILING FACE WITH HORNS,&#128520;
ğŸ‘¿,IMP,&#128127;
ğŸ‘¹,JAPANESE OGRE â‰Š ogre,&#128121;
ğŸ‘º,JAPANESE GOBLIN â‰Š goblin,&#128122;
ğŸ’€,SKULL,&#128128;
â˜ ,SKULL AND CROSSBONES,&#9760;
ğŸ‘»,GHOST,&#128123;
ğŸ‘½,EXTRATERRESTRIAL ALIEN â‰Š alien,&#128125;
ğŸ‘¾,ALIEN MONSTER,&#128126;
ğŸ¤–,ROBOT FACE,&#129302;
ğŸ’©,PILE OF POO,&#128169;
ğŸ˜º,SMILING CAT FACE WITH OPEN MOUTH,&#128570;
ğŸ˜¸,GRINNING CAT FACE WITH SMILING EYES,&#128568;
ğŸ˜¹,CAT FACE WITH TEARS OF JOY,&#128569;
ğŸ˜»,SMILING CAT FACE WITH HEART-SHAPED EYES â‰Š smiling cat face with heart-eyes,&#128571;
ğŸ˜¼,CAT FACE WITH WRY SMILE,&#128572;
ğŸ˜½,KISSING CAT FACE WITH CLOSED EYES,&#128573;
ğŸ™€,WEARY CAT FACE,&#128576;
ğŸ˜¿,CRYING CAT FACE,&#128575;
ğŸ˜¾,POUTING CAT FACE,&#128574;
ğŸ™ˆ,SEE-NO-EVIL MONKEY â‰Š see-no-evil,&#128584;
ğŸ™‰,HEAR-NO-EVIL MONKEY â‰Š hear-no-evil,&#128585;
ğŸ™Š,SPEAK-NO-EVIL MONKEY â‰Š speak-no-evil,&#128586;
ğŸ‘¦,BOY,&#128102;
ğŸ‘¦ğŸ»,"boy, type-1-2",&#128102; &#127995;
ğŸ‘¦ğŸ¼,"boy, type-3",&#128102; &#127996;
ğŸ‘¦ğŸ½,"boy, type-4",&#128102; &#127997;
ğŸ‘¦ğŸ¾,"boy, type-5",&#128102; &#127998;
ğŸ‘¦ğŸ¿,"boy, type-6",&#128102; &#127999;
ğŸ‘§,GIRL,&#128103;
ğŸ‘§ğŸ»,"girl, type-1-2",&#128103; &#127995;
ğŸ‘§ğŸ¼,"girl, type-3",&#128103; &#127996;
ğŸ‘§ğŸ½,"girl, type-4",&#128103; &#127997;
ğŸ‘§ğŸ¾,"girl, type-5",&#128103; &#127998;
ğŸ‘§ğŸ¿,"girl, type-6",&#128103; &#127999;
ğŸ‘¨,MAN,&#128104;
ğŸ‘¨ğŸ»,"man, type-1-2",&#128104; &#127995;
ğŸ‘¨ğŸ¼,"man, type-3",&#128104; &#127996;
ğŸ‘¨ğŸ½,"man, type-4",&#128104; &#127997;
ğŸ‘¨ğŸ¾,"man, type-5",&#128104; &#127998;
ğŸ‘¨ğŸ¿,"man, type-6",&#128104; &#127999;
ğŸ‘©,WOMAN,&#128105;
ğŸ‘©ğŸ»,"woman, type-1-2",&#128105; &#127995;
ğŸ‘©ğŸ¼,"woman, type-3",&#128105; &#127996;
ğŸ‘©ğŸ½,"woman, type-4",&#128105; &#127997;
ğŸ‘©ğŸ¾,"woman, type-5",&#128105; &#127998;
ğŸ‘©ğŸ¿,"woman, type-6",&#128105; &#127999;
ğŸ‘´,OLDER MAN â‰Š old man,&#128116;
ğŸ‘´ğŸ»,"old man, type-1-2",&#128116; &#127995;
ğŸ‘´ğŸ¼,"old man, type-3",&#128116; &#127996;
ğŸ‘´ğŸ½,"old man, type-4",&#128116; &#127997;
ğŸ‘´ğŸ¾,"old man, type-5",&#128116; &#127998;
ğŸ‘´ğŸ¿,"old man, type-6",&#128116; &#127999;
ğŸ‘µ,OLDER WOMAN â‰Š old woman,&#128117;
ğŸ‘µğŸ»,"old woman, type-1-2",&#128117; &#127995;
ğŸ‘µğŸ¼,"old woman, type-3",&#128117; &#127996;
ğŸ‘µğŸ½,"old woman, type-4",&#128117; &#127997;
ğŸ‘µğŸ¾,"old woman, type-5",&#128117; &#127998;
ğŸ‘µğŸ¿,"old woman, type-6",&#128117; &#127999;
ğŸ‘¶,BABY,&#128118;
ğŸ‘¶ğŸ»,"baby, type-1-2",&#128118; &#127995;
ğŸ‘¶ğŸ¼,"baby, type-3",&#128118; &#127996;
ğŸ‘¶ğŸ½,"baby, type-4",&#128118; &#127997;
ğŸ‘¶ğŸ¾,"baby, type-5",&#128118; &#127998;
ğŸ‘¶ğŸ¿,"baby, type-6",&#128118; &#127999;
ğŸ‘¼,BABY ANGEL,&#128124;
ğŸ‘¼ğŸ»,"baby angel, type-1-2",&#128124; &#127995;
ğŸ‘¼ğŸ¼,"baby angel, type-3",&#128124; &#127996;
ğŸ‘¼ğŸ½,"baby angel, type-4",&#128124; &#127997;
ğŸ‘¼ğŸ¾,"baby angel, type-5",&#128124; &#127998;
ğŸ‘¼ğŸ¿,"baby angel, type-6",&#128124; &#127999;
ğŸ‘®,POLICE OFFICER,&#128110;
ğŸ‘®ğŸ»,"police officer, type-1-2",&#128110; &#127995;
ğŸ‘®ğŸ¼,"police officer, type-3",&#128110; &#127996;
ğŸ‘®ğŸ½,"police officer, type-4",&#128110; &#127997;
ğŸ‘®ğŸ¾,"police officer, type-5",&#128110; &#127998;
ğŸ‘®ğŸ¿,"police officer, type-6",&#128110; &#127999;
ğŸ•µ,SLEUTH OR SPY â‰Š detective,&#128373;
ğŸ•µğŸ»,"detective, type-1-2",&#128373; &#127995;
ğŸ•µğŸ¼,"detective, type-3",&#128373; &#127996;
ğŸ•µğŸ½,"detective, type-4",&#128373; &#127997;
ğŸ•µğŸ¾,"detective, type-5",&#128373; &#127998;
ğŸ•µğŸ¿,"detective, type-6",&#128373; &#127999;
ğŸ’‚,GUARDSMAN,&#128130;
ğŸ’‚ğŸ»,"guardsman, type-1-2",&#128130; &#127995;
ğŸ’‚ğŸ¼,"guardsman, type-3",&#128130; &#127996;
ğŸ’‚ğŸ½,"guardsman, type-4",&#128130; &#127997;
ğŸ’‚ğŸ¾,"guardsman, type-5",&#128130; &#127998;
ğŸ’‚ğŸ¿,"guardsman, type-6",&#128130; &#127999;
ğŸ‘·,CONSTRUCTION WORKER,&#128119;
ğŸ‘·ğŸ»,"construction worker, type-1-2",&#128119; &#127995;
ğŸ‘·ğŸ¼,"construction worker, type-3",&#128119; &#127996;
ğŸ‘·ğŸ½,"construction worker, type-4",&#128119; &#127997;
ğŸ‘·ğŸ¾,"construction worker, type-5",&#128119; &#127998;
ğŸ‘·ğŸ¿,"construction worker, type-6",&#128119; &#127999;
ğŸ‘³,MAN WITH TURBAN â‰Š person with turban,&#128115;
ğŸ‘³ğŸ»,"person with turban, type-1-2",&#128115; &#127995;
ğŸ‘³ğŸ¼,"person with turban, type-3",&#128115; &#127996;
ğŸ‘³ğŸ½,"person with turban, type-4",&#128115; &#127997;
ğŸ‘³ğŸ¾,"person with turban, type-5",&#128115; &#127998;
ğŸ‘³ğŸ¿,"person with turban, type-6",&#128115; &#127999;
ğŸ‘±,PERSON WITH BLOND HAIR â‰Š blond person,&#128113;
ğŸ‘±ğŸ»,"blond person, type-1-2",&#128113; &#127995;
ğŸ‘±ğŸ¼,"blond person, type-3",&#128113; &#127996;
ğŸ‘±ğŸ½,"blond person, type-4",&#128113; &#127997;
ğŸ‘±ğŸ¾,"blond person, type-5",&#128113; &#127998;
ğŸ‘±ğŸ¿,"blond person, type-6",&#128113; &#127999;
ğŸ…,FATHER CHRISTMAS â‰Š santa claus,&#127877;
ğŸ…ğŸ»,"santa claus, type-1-2",&#127877; &#127995;
ğŸ…ğŸ¼,"santa claus, type-3",&#127877; &#127996;
ğŸ…ğŸ½,"santa claus, type-4",&#127877; &#127997;
ğŸ…ğŸ¾,"santa claus, type-5",&#127877; &#127998;
ğŸ…ğŸ¿,"santa claus, type-6",&#127877; &#127999;
ğŸ¤¶,MOTHER CHRISTMAS,&#129334;
ğŸ¤¶ğŸ»,"mother christmas, type-1-2",&#129334; &#127995;
ğŸ¤¶ğŸ¼,"mother christmas, type-3",&#129334; &#127996;
ğŸ¤¶ğŸ½,"mother christmas, type-4",&#129334; &#127997;
ğŸ¤¶ğŸ¾,"mother christmas, type-5",&#129334; &#127998;
ğŸ¤¶ğŸ¿,"mother christmas, type-6",&#129334; &#127999;
ğŸ‘¸,PRINCESS,&#128120;
ğŸ‘¸ğŸ»,"princess, type-1-2",&#128120; &#127995;
ğŸ‘¸ğŸ¼,"princess, type-3",&#128120; &#127996;
ğŸ‘¸ğŸ½,"princess, type-4",&#128120; &#127997;
ğŸ‘¸ğŸ¾,"princess, type-5",&#128120; &#127998;
ğŸ‘¸ğŸ¿,"princess, type-6",&#128120; &#127999;
ğŸ¤´,PRINCE,&#129332;
ğŸ¤´ğŸ»,"prince, type-1-2",&#129332; &#127995;
ğŸ¤´ğŸ¼,"prince, type-3",&#129332; &#127996;
ğŸ¤´ğŸ½,"prince, type-4",&#129332; &#127997;
ğŸ¤´ğŸ¾,"prince, type-5",&#129332; &#127998;
ğŸ¤´ğŸ¿,"prince, type-6",&#129332; &#127999;
ğŸ‘°,BRIDE WITH VEIL,&#128112;
ğŸ‘°ğŸ»,"bride with veil, type-1-2",&#128112; &#127995;
ğŸ‘°ğŸ¼,"bride with veil, type-3",&#128112; &#127996;
ğŸ‘°ğŸ½,"bride with veil, type-4",&#128112; &#127997;
ğŸ‘°ğŸ¾,"bride with veil, type-5",&#128112; &#127998;
ğŸ‘°ğŸ¿,"bride with veil, type-6",&#128112; &#127999;
ğŸ¤µ,MAN IN TUXEDO,&#129333;
ğŸ¤µğŸ»,"man in tuxedo, type-1-2",&#129333; &#127995;
ğŸ¤µğŸ¼,"man in tuxedo, type-3",&#129333; &#127996;
ğŸ¤µğŸ½,"man in tuxedo, type-4",&#129333; &#127997;
ğŸ¤µğŸ¾,"man in tuxedo, type-5",&#129333; &#127998;
ğŸ¤µğŸ¿,"man in tuxedo, type-6",&#129333; &#127999;
ğŸ¤°,PREGNANT WOMAN,&#129328;
ğŸ¤°ğŸ»,"pregnant woman, type-1-2",&#129328; &#127995;
ğŸ¤°ğŸ¼,"pregnant woman, type-3",&#129328; &#127996;
ğŸ¤°ğŸ½,"pregnant woman, type-4",&#129328; &#127997;
ğŸ¤°ğŸ¾,"pregnant woman, type-5",&#129328; &#127998;
ğŸ¤°ğŸ¿,"pregnant woman, type-6",&#129328; &#127999;
ğŸ‘²,MAN WITH GUA PI MAO â‰Š man with chinese cap,&#128114;
ğŸ‘²ğŸ»,"man with chinese cap, type-1-2",&#128114; &#127995;
ğŸ‘²ğŸ¼,"man with chinese cap, type-3",&#128114; &#127996;
ğŸ‘²ğŸ½,"man with chinese cap, type-4",&#128114; &#127997;
ğŸ‘²ğŸ¾,"man with chinese cap, type-5",&#128114; &#127998;
ğŸ‘²ğŸ¿,"man with chinese cap, type-6",&#128114; &#127999;
ğŸ™,PERSON FROWNING,&#128589;
ğŸ™ğŸ»,"person frowning, type-1-2",&#128589; &#127995;
ğŸ™ğŸ¼,"person frowning, type-3",&#128589; &#127996;
ğŸ™ğŸ½,"person frowning, type-4",&#128589; &#127997;
ğŸ™ğŸ¾,"person frowning, type-5",&#128589; &#127998;
ğŸ™ğŸ¿,"person frowning, type-6",&#128589; &#127999;
ğŸ™,PERSON WITH POUTING FACE â‰Š person pouting,&#128590;
ğŸ™ğŸ»,"person pouting, type-1-2",&#128590; &#127995;
ğŸ™ğŸ¼,"person pouting, type-3",&#128590; &#127996;
ğŸ™ğŸ½,"person pouting, type-4",&#128590; &#127997;
ğŸ™ğŸ¾,"person pouting, type-5",&#128590; &#127998;
ğŸ™ğŸ¿,"person pouting, type-6",&#128590; &#127999;
ğŸ™…,FACE WITH NO GOOD GESTURE â‰Š person gesturing not ok,&#128581;
ğŸ™…ğŸ»,"person gesturing not ok, type-1-2",&#128581; &#127995;
ğŸ™…ğŸ¼,"person gesturing not ok, type-3",&#128581; &#127996;
ğŸ™…ğŸ½,"person gesturing not ok, type-4",&#128581; &#127997;
ğŸ™…ğŸ¾,"person gesturing not ok, type-5",&#128581; &#127998;
ğŸ™…ğŸ¿,"person gesturing not ok, type-6",&#128581; &#127999;
ğŸ™†,FACE WITH OK GESTURE â‰Š person gesturing ok,&#128582;
ğŸ™†ğŸ»,"person gesturing ok, type-1-2",&#128582; &#127995;
ğŸ™†ğŸ¼,"person gesturing ok, type-3",&#128582; &#127996;
ğŸ™†ğŸ½,"person gesturing ok, type-4",&#128582; &#127997;
ğŸ™†ğŸ¾,"person gesturing ok, type-5",&#128582; &#127998;
ğŸ™†ğŸ¿,"person gesturing ok, type-6",&#128582; &#127999;
ğŸ’,INFORMATION DESK PERSON â‰Š person tipping hand,&#128129;
ğŸ’ğŸ»,"person tipping hand, type-1-2",&#128129; &#127995;
ğŸ’ğŸ¼,"person tipping hand, type-3",&#128129; &#127996;
ğŸ’ğŸ½,"person tipping hand, type-4",&#128129; &#127997;
ğŸ’ğŸ¾,"person tipping hand, type-5",&#128129; &#127998;
ğŸ’ğŸ¿,"person tipping hand, type-6",&#128129; &#127999;
ğŸ™‹,HAPPY PERSON RAISING ONE HAND â‰Š person raising hand,&#128587;
ğŸ™‹ğŸ»,"person raising hand, type-1-2",&#128587; &#127995;
ğŸ™‹ğŸ¼,"person raising hand, type-3",&#128587; &#127996;
ğŸ™‹ğŸ½,"person raising hand, type-4",&#128587; &#127997;
ğŸ™‹ğŸ¾,"person raising hand, type-5",&#128587; &#127998;
ğŸ™‹ğŸ¿,"person raising hand, type-6",&#128587; &#127999;
ğŸ™‡,PERSON BOWING DEEPLY â‰Š person bowing,&#128583;
ğŸ™‡ğŸ»,"person bowing, type-1-2",&#128583; &#127995;
ğŸ™‡ğŸ¼,"person bowing, type-3",&#128583; &#127996;
ğŸ™‡ğŸ½,"person bowing, type-4",&#128583; &#127997;
ğŸ™‡ğŸ¾,"person bowing, type-5",&#128583; &#127998;
ğŸ™‡ğŸ¿,"person bowing, type-6",&#128583; &#127999;
ğŸ¤¦,FACE PALM â‰Š person facepalming,&#129318;
ğŸ¤¦ğŸ»,"person facepalming, type-1-2",&#129318; &#127995;
ğŸ¤¦ğŸ¼,"person facepalming, type-3",&#129318; &#127996;
ğŸ¤¦ğŸ½,"person facepalming, type-4",&#129318; &#127997;
ğŸ¤¦ğŸ¾,"person facepalming, type-5",&#129318; &#127998;
ğŸ¤¦ğŸ¿,"person facepalming, type-6",&#129318; &#127999;
ğŸ¤·,SHRUG â‰Š person shrugging,&#129335;
ğŸ¤·ğŸ»,"person shrugging, type-1-2",&#129335; &#127995;
ğŸ¤·ğŸ¼,"person shrugging, type-3",&#129335; &#127996;
ğŸ¤·ğŸ½,"person shrugging, type-4",&#129335; &#127997;
ğŸ¤·ğŸ¾,"person shrugging, type-5",&#129335; &#127998;
ğŸ¤·ğŸ¿,"person shrugging, type-6",&#129335; &#127999;
ğŸ’†,FACE MASSAGE â‰Š person getting massage,&#128134;
ğŸ’†ğŸ»,"person getting massage, type-1-2",&#128134; &#127995;
ğŸ’†ğŸ¼,"person getting massage, type-3",&#128134; &#127996;
ğŸ’†ğŸ½,"person getting massage, type-4",&#128134; &#127997;
ğŸ’†ğŸ¾,"person getting massage, type-5",&#128134; &#127998;
ğŸ’†ğŸ¿,"person getting massage, type-6",&#128134; &#127999;
ğŸ’‡,HAIRCUT â‰Š person getting haircut,&#128135;
ğŸ’‡ğŸ»,"person getting haircut, type-1-2",&#128135; &#127995;
ğŸ’‡ğŸ¼,"person getting haircut, type-3",&#128135; &#127996;
ğŸ’‡ğŸ½,"person getting haircut, type-4",&#128135; &#127997;
ğŸ’‡ğŸ¾,"person getting haircut, type-5",&#128135; &#127998;
ğŸ’‡ğŸ¿,"person getting haircut, type-6",&#128135; &#127999;
ğŸš¶,PEDESTRIAN â‰Š person walking,&#128694;
ğŸš¶ğŸ»,"person walking, type-1-2",&#128694; &#127995;
ğŸš¶ğŸ¼,"person walking, type-3",&#128694; &#127996;
ğŸš¶ğŸ½,"person walking, type-4",&#128694; &#127997;
ğŸš¶ğŸ¾,"person walking, type-5",&#128694; &#127998;
ğŸš¶ğŸ¿,"person walking, type-6",&#128694; &#127999;
ğŸƒ,RUNNER â‰Š person running,&#127939;
ğŸƒğŸ»,"person running, type-1-2",&#127939; &#127995;
ğŸƒğŸ¼,"person running, type-3",&#127939; &#127996;
ğŸƒğŸ½,"person running, type-4",&#127939; &#127997;
ğŸƒğŸ¾,"person running, type-5",&#127939; &#127998;
ğŸƒğŸ¿,"person running, type-6",&#127939; &#127999;
ğŸ’ƒ,DANCER â‰Š woman dancing,&#128131;
ğŸ’ƒğŸ»,"woman dancing, type-1-2",&#128131; &#127995;
ğŸ’ƒğŸ¼,"woman dancing, type-3",&#128131; &#127996;
ğŸ’ƒğŸ½,"woman dancing, type-4",&#128131; &#127997;
ğŸ’ƒğŸ¾,"woman dancing, type-5",&#128131; &#127998;
ğŸ’ƒğŸ¿,"woman dancing, type-6",&#128131; &#127999;
ğŸ•º,MAN DANCING,&#128378;
ğŸ•ºğŸ»,"man dancing, type-1-2",&#128378; &#127995;
ğŸ•ºğŸ¼,"man dancing, type-3",&#128378; &#127996;
ğŸ•ºğŸ½,"man dancing, type-4",&#128378; &#127997;
ğŸ•ºğŸ¾,"man dancing, type-5",&#128378; &#127998;
ğŸ•ºğŸ¿,"man dancing, type-6",&#128378; &#127999;
ğŸ‘¯,WOMAN WITH BUNNY EARS â‰Š people partying,&#128111;
ğŸ•´,MAN IN BUSINESS SUIT LEVITATING,&#128372;
ğŸ—£,SPEAKING HEAD IN SILHOUETTE â‰Š speaking head,&#128483;
ğŸ‘¤,BUST IN SILHOUETTE,&#128100;
ğŸ‘¥,BUSTS IN SILHOUETTE,&#128101;
ğŸ‘«,MAN AND WOMAN HOLDING HANDS,&#128107;
ğŸ‘¬,TWO MEN HOLDING HANDS,&#128108;
ğŸ‘­,TWO WOMEN HOLDING HANDS,&#128109;
ğŸ’,KISS,&#128143;
ğŸ‘©â€â¤ï¸â€ğŸ’‹â€ğŸ‘¨,"kiss, woman, man",&#128105; &#8205; &#10084; &#65039; &#8205; &#128139; &#8205; &#128104;
ğŸ‘¨â€â¤ï¸â€ğŸ’‹â€ğŸ‘¨,"kiss, man, man",&#128104; &#8205; &#10084; &#65039; &#8205; &#128139; &#8205; &#128104;
ğŸ‘©â€â¤ï¸â€ğŸ’‹â€ğŸ‘©,"kiss, woman, woman",&#128105; &#8205; &#10084; &#65039; &#8205; &#128139; &#8205; &#128105;
ğŸ’‘,COUPLE WITH HEART,&#128145;
ğŸ‘©â€â¤ï¸â€ğŸ‘¨,"couple with heart, woman, man",&#128105; &#8205; &#10084; &#65039; &#8205; &#128104;
ğŸ‘¨â€â¤ï¸â€ğŸ‘¨,"couple with heart, man, man",&#128104; &#8205; &#10084; &#65039; &#8205; &#128104;
ğŸ‘©â€â¤ï¸â€ğŸ‘©,"couple with heart, woman, woman",&#128105; &#8205; &#10084; &#65039; &#8205; &#128105;
ğŸ‘ª,FAMILY,&#128106;
ğŸ‘¨â€ğŸ‘©â€ğŸ‘¦,"family, man, woman, boy",&#128104; &#8205; &#128105; &#8205; &#128102;
ğŸ‘¨â€ğŸ‘©â€ğŸ‘§,"family, man, woman, girl",&#128104; &#8205; &#128105; &#8205; &#128103;
ğŸ‘¨â€ğŸ‘©â€ğŸ‘§â€ğŸ‘¦,"family, man, woman, girl, boy",&#128104; &#8205; &#128105; &#8205; &#128103; &#8205; &#128102;
ğŸ‘¨â€ğŸ‘©â€ğŸ‘¦â€ğŸ‘¦,"family, man, woman, boy, boy",&#128104; &#8205; &#128105; &#8205; &#128102; &#8205; &#128102;
ğŸ‘¨â€ğŸ‘©â€ğŸ‘§â€ğŸ‘§,"family, man, woman, girl, girl",&#128104; &#8205; &#128105; &#8205; &#128103; &#8205; &#128103;
ğŸ‘¨â€ğŸ‘¨â€ğŸ‘¦,"family, man, man, boy",&#128104; &#8205; &#128104; &#8205; &#128102;
ğŸ‘¨â€ğŸ‘¨â€ğŸ‘§,"family, man, man, girl",&#128104; &#8205; &#128104; &#8205; &#128103;
ğŸ‘¨â€ğŸ‘¨â€ğŸ‘§â€ğŸ‘¦,"family, man, man, girl, boy",&#128104; &#8205; &#128104; &#8205; &#128103; &#8205; &#128102;
ğŸ‘¨â€ğŸ‘¨â€ğŸ‘¦â€ğŸ‘¦,"family, man, man, boy, boy",&#128104; &#8205; &#128104; &#8205; &#128102; &#8205; &#128102;
ğŸ‘¨â€ğŸ‘¨â€ğŸ‘§â€ğŸ‘§,"family, man, man, girl, girl",&#128104; &#8205; &#128104; &#8205; &#128103; &#8205; &#128103;
ğŸ‘©â€ğŸ‘©â€ğŸ‘¦,"family, woman, woman, boy",&#128105; &#8205; &#128105; &#8205; &#128102;
ğŸ‘©â€ğŸ‘©â€ğŸ‘§,"family, woman, woman, girl",&#128105; &#8205; &#128105; &#8205; &#128103;
ğŸ‘©â€ğŸ‘©â€ğŸ‘§â€ğŸ‘¦,"family, woman, woman, girl, boy",&#128105; &#8205; &#128105; &#8205; &#128103; &#8205; &#128102;
ğŸ‘©â€ğŸ‘©â€ğŸ‘¦â€ğŸ‘¦,"family, woman, woman, boy, boy",&#128105; &#8205; &#128105; &#8205; &#128102; &#8205; &#128102;
ğŸ‘©â€ğŸ‘©â€ğŸ‘§â€ğŸ‘§,"family, woman, woman, girl, girl",&#128105; &#8205; &#128105; &#8205; &#128103; &#8205; &#128103;
ğŸ»,EMOJI MODIFIER FITZPATRICK TYPE-1-2 â‰Š type-1-2,&#127995;
ğŸ¼,EMOJI MODIFIER FITZPATRICK TYPE-3 â‰Š type-3,&#127996;
ğŸ½,EMOJI MODIFIER FITZPATRICK TYPE-4 â‰Š type-4,&#127997;
ğŸ¾,EMOJI MODIFIER FITZPATRICK TYPE-5 â‰Š type-5,&#127998;
ğŸ¿,EMOJI MODIFIER FITZPATRICK TYPE-6 â‰Š type-6,&#127999;
ğŸ’ª,FLEXED BICEPS,&#128170;
ğŸ’ªğŸ»,"flexed biceps, type-1-2",&#128170; &#127995;
ğŸ’ªğŸ¼,"flexed biceps, type-3",&#128170; &#127996;
ğŸ’ªğŸ½,"flexed biceps, type-4",&#128170; &#127997;
ğŸ’ªğŸ¾,"flexed biceps, type-5",&#128170; &#127998;
ğŸ’ªğŸ¿,"flexed biceps, type-6",&#128170; &#127999;
ğŸ¤³,SELFIE,&#129331;
ğŸ¤³ğŸ»,"selfie, type-1-2",&#129331; &#127995;
ğŸ¤³ğŸ¼,"selfie, type-3",&#129331; &#127996;
ğŸ¤³ğŸ½,"selfie, type-4",&#129331; &#127997;
ğŸ¤³ğŸ¾,"selfie, type-5",&#129331; &#127998;
ğŸ¤³ğŸ¿,"selfie, type-6",&#129331; &#127999;
ğŸ‘ˆ,WHITE LEFT POINTING BACKHAND INDEX â‰Š backhand index pointing left,&#128072;
ğŸ‘ˆğŸ»,"backhand index pointing left, type-1-2",&#128072; &#127995;
ğŸ‘ˆğŸ¼,"backhand index pointing left, type-3",&#128072; &#127996;
ğŸ‘ˆğŸ½,"backhand index pointing left, type-4",&#128072; &#127997;
ğŸ‘ˆğŸ¾,"backhand index pointing left, type-5",&#128072; &#127998;
ğŸ‘ˆğŸ¿,"backhand index pointing left, type-6",&#128072; &#127999;
ğŸ‘‰,WHITE RIGHT POINTING BACKHAND INDEX â‰Š backhand index pointing right,&#128073;
ğŸ‘‰ğŸ»,"backhand index pointing right, type-1-2",&#128073; &#127995;
ğŸ‘‰ğŸ¼,"backhand index pointing right, type-3",&#128073; &#127996;
ğŸ‘‰ğŸ½,"backhand index pointing right, type-4",&#128073; &#127997;
ğŸ‘‰ğŸ¾,"backhand index pointing right, type-5",&#128073; &#127998;
ğŸ‘‰ğŸ¿,"backhand index pointing right, type-6",&#128073; &#127999;
â˜,WHITE UP POINTING INDEX â‰Š index pointing up,&#9757;
â˜ğŸ»,"index pointing up, type-1-2",&#9757; &#127995;
â˜ğŸ¼,"index pointing up, type-3",&#9757; &#127996;
â˜ğŸ½,"index pointing up, type-4",&#9757; &#127997;
â˜ğŸ¾,"index pointing up, type-5",&#9757; &#127998;
â˜ğŸ¿,"index pointing up, type-6",&#9757; &#127999;
ğŸ‘†,WHITE UP POINTING BACKHAND INDEX â‰Š backhand index pointing up,&#128070;
ğŸ‘†ğŸ»,"backhand index pointing up, type-1-2",&#128070; &#127995;
ğŸ‘†ğŸ¼,"backhand index pointing up, type-3",&#128070; &#127996;
ğŸ‘†ğŸ½,"backhand index pointing up, type-4",&#128070; &#127997;
ğŸ‘†ğŸ¾,"backhand index pointing up, type-5",&#128070; &#127998;
ğŸ‘†ğŸ¿,"backhand index pointing up, type-6",&#128070; &#127999;
ğŸ–•,REVERSED HAND WITH MIDDLE FINGER EXTENDED â‰Š middle finger,&#128405;
ğŸ–•ğŸ»,"middle finger, type-1-2",&#128405; &#127995;
ğŸ–•ğŸ¼,"middle finger, type-3",&#128405; &#127996;
ğŸ–•ğŸ½,"middle finger, type-4",&#128405; &#127997;
ğŸ–•ğŸ¾,"middle finger, type-5",&#128405; &#127998;
ğŸ–•ğŸ¿,"middle finger, type-6",&#128405; &#127999;
ğŸ‘‡,WHITE DOWN POINTING BACKHAND INDEX â‰Š backhand index pointing down,&#128071;
ğŸ‘‡ğŸ»,"backhand index pointing down, type-1-2",&#128071; &#127995;
ğŸ‘‡ğŸ¼,"backhand index pointing down, type-3",&#128071; &#127996;
ğŸ‘‡ğŸ½,"backhand index pointing down, type-4",&#128071; &#127997;
ğŸ‘‡ğŸ¾,"backhand index pointing down, type-5",&#128071; &#127998;
ğŸ‘‡ğŸ¿,"backhand index pointing down, type-6",&#128071; &#127999;
âœŒ,VICTORY HAND,&#9996;
âœŒğŸ»,"victory hand, type-1-2",&#9996; &#127995;
âœŒğŸ¼,"victory hand, type-3",&#9996; &#127996;
âœŒğŸ½,"victory hand, type-4",&#9996; &#127997;
âœŒğŸ¾,"victory hand, type-5",&#9996; &#127998;
âœŒğŸ¿,"victory hand, type-6",&#9996; &#127999;
ğŸ¤,HAND WITH INDEX AND MIDDLE FINGERS CROSSED â‰Š crossed fingers,&#129310;
ğŸ¤ğŸ»,"crossed fingers, type-1-2",&#129310; &#127995;
ğŸ¤ğŸ¼,"crossed fingers, type-3",&#129310; &#127996;
ğŸ¤ğŸ½,"crossed fingers, type-4",&#129310; &#127997;
ğŸ¤ğŸ¾,"crossed fingers, type-5",&#129310; &#127998;
ğŸ¤ğŸ¿,"crossed fingers, type-6",&#129310; &#127999;
ğŸ––,RAISED HAND WITH PART BETWEEN MIDDLE AND RING FINGERS â‰Š vulcan salute,&#128406;
ğŸ––ğŸ»,"vulcan salute, type-1-2",&#128406; &#127995;
ğŸ––ğŸ¼,"vulcan salute, type-3",&#128406; &#127996;
ğŸ––ğŸ½,"vulcan salute, type-4",&#128406; &#127997;
ğŸ––ğŸ¾,"vulcan salute, type-5",&#128406; &#127998;
ğŸ––ğŸ¿,"vulcan salute, type-6",&#128406; &#127999;
ğŸ¤˜,SIGN OF THE HORNS,&#129304;
ğŸ¤˜ğŸ»,"sign of the horns, type-1-2",&#129304; &#127995;
ğŸ¤˜ğŸ¼,"sign of the horns, type-3",&#129304; &#127996;
ğŸ¤˜ğŸ½,"sign of the horns, type-4",&#129304; &#127997;
ğŸ¤˜ğŸ¾,"sign of the horns, type-5",&#129304; &#127998;
ğŸ¤˜ğŸ¿,"sign of the horns, type-6",&#129304; &#127999;
ğŸ¤™,CALL ME HAND,&#129305;
ğŸ¤™ğŸ»,"call me hand, type-1-2",&#129305; &#127995;
ğŸ¤™ğŸ¼,"call me hand, type-3",&#129305; &#127996;
ğŸ¤™ğŸ½,"call me hand, type-4",&#129305; &#127997;
ğŸ¤™ğŸ¾,"call me hand, type-5",&#129305; &#127998;
ğŸ¤™ğŸ¿,"call me hand, type-6",&#129305; &#127999;
ğŸ–,RAISED HAND WITH FINGERS SPLAYED,&#128400;
ğŸ–ğŸ»,"raised hand with fingers splayed, type-1-2",&#128400; &#127995;
ğŸ–ğŸ¼,"raised hand with fingers splayed, type-3",&#128400; &#127996;
ğŸ–ğŸ½,"raised hand with fingers splayed, type-4",&#128400; &#127997;
ğŸ–ğŸ¾,"raised hand with fingers splayed, type-5",&#128400; &#127998;
ğŸ–ğŸ¿,"raised hand with fingers splayed, type-6",&#128400; &#127999;
âœ‹,RAISED HAND,&#9995;
âœ‹ğŸ»,"raised hand, type-1-2",&#9995; &#127995;
âœ‹ğŸ¼,"raised hand, type-3",&#9995; &#127996;
âœ‹ğŸ½,"raised hand, type-4",&#9995; &#127997;
âœ‹ğŸ¾,"raised hand, type-5",&#9995; &#127998;
âœ‹ğŸ¿,"raised hand, type-6",&#9995; &#127999;
ğŸ‘Œ,OK HAND SIGN â‰Š ok hand,&#128076;
ğŸ‘ŒğŸ»,"ok hand, type-1-2",&#128076; &#127995;
ğŸ‘ŒğŸ¼,"ok hand, type-3",&#128076; &#127996;
ğŸ‘ŒğŸ½,"ok hand, type-4",&#128076; &#127997;
ğŸ‘ŒğŸ¾,"ok hand, type-5",&#128076; &#127998;
ğŸ‘ŒğŸ¿,"ok hand, type-6",&#128076; &#127999;
ğŸ‘,THUMBS UP SIGN â‰Š thumbs up,&#128077;
ğŸ‘ğŸ»,"thumbs up, type-1-2",&#128077; &#127995;
ğŸ‘ğŸ¼,"thumbs up, type-3",&#128077; &#127996;
ğŸ‘ğŸ½,"thumbs up, type-4",&#128077; &#127997;
ğŸ‘ğŸ¾,"thumbs up, type-5",&#128077; &#127998;
ğŸ‘ğŸ¿,"thumbs up, type-6",&#128077; &#127999;
ğŸ‘,THUMBS DOWN SIGN â‰Š thumbs down,&#128078;
ğŸ‘ğŸ»,"thumbs down, type-1-2",&#128078; &#127995;
ğŸ‘ğŸ¼,"thumbs down, type-3",&#128078; &#127996;
ğŸ‘ğŸ½,"thumbs down, type-4",&#128078; &#127997;
ğŸ‘ğŸ¾,"thumbs down, type-5",&#128078; &#127998;
ğŸ‘ğŸ¿,"thumbs down, type-6",&#128078; &#127999;
âœŠ,RAISED FIST,&#9994;
âœŠğŸ»,"raised fist, type-1-2",&#9994; &#127995;
âœŠğŸ¼,"raised fist, type-3",&#9994; &#127996;
âœŠğŸ½,"raised fist, type-4",&#9994; &#127997;
âœŠğŸ¾,"raised fist, type-5",&#9994; &#127998;
âœŠğŸ¿,"raised fist, type-6",&#9994; &#127999;
ğŸ‘Š,FISTED HAND SIGN â‰Š oncoming fist,&#128074;
ğŸ‘ŠğŸ»,"oncoming fist, type-1-2",&#128074; &#127995;
ğŸ‘ŠğŸ¼,"oncoming fist, type-3",&#128074; &#127996;
ğŸ‘ŠğŸ½,"oncoming fist, type-4",&#128074; &#127997;
ğŸ‘ŠğŸ¾,"oncoming fist, type-5",&#128074; &#127998;
ğŸ‘ŠğŸ¿,"oncoming fist, type-6",&#128074; &#127999;
ğŸ¤›,LEFT-FACING FIST,&#129307;
ğŸ¤›ğŸ»,"left-facing fist, type-1-2",&#129307; &#127995;
ğŸ¤›ğŸ¼,"left-facing fist, type-3",&#129307; &#127996;
ğŸ¤›ğŸ½,"left-facing fist, type-4",&#129307; &#127997;
ğŸ¤›ğŸ¾,"left-facing fist, type-5",&#129307; &#127998;
ğŸ¤›ğŸ¿,"left-facing fist, type-6",&#129307; &#127999;
ğŸ¤œ,RIGHT-FACING FIST,&#129308;
ğŸ¤œğŸ»,"right-facing fist, type-1-2",&#129308; &#127995;
ğŸ¤œğŸ¼,"right-facing fist, type-3",&#129308; &#127996;
ğŸ¤œğŸ½,"right-facing fist, type-4",&#129308; &#127997;
ğŸ¤œğŸ¾,"right-facing fist, type-5",&#129308; &#127998;
ğŸ¤œğŸ¿,"right-facing fist, type-6",&#129308; &#127999;
ğŸ¤š,RAISED BACK OF HAND,&#129306;
ğŸ¤šğŸ»,"raised back of hand, type-1-2",&#129306; &#127995;
ğŸ¤šğŸ¼,"raised back of hand, type-3",&#129306; &#127996;
ğŸ¤šğŸ½,"raised back of hand, type-4",&#129306; &#127997;
ğŸ¤šğŸ¾,"raised back of hand, type-5",&#129306; &#127998;
ğŸ¤šğŸ¿,"raised back of hand, type-6",&#129306; &#127999;
ğŸ‘‹,WAVING HAND SIGN â‰Š waving hand,&#128075;
ğŸ‘‹ğŸ»,"waving hand, type-1-2",&#128075; &#127995;
ğŸ‘‹ğŸ¼,"waving hand, type-3",&#128075; &#127996;
ğŸ‘‹ğŸ½,"waving hand, type-4",&#128075; &#127997;
ğŸ‘‹ğŸ¾,"waving hand, type-5",&#128075; &#127998;
ğŸ‘‹ğŸ¿,"waving hand, type-6",&#128075; &#127999;
ğŸ‘,CLAPPING HANDS SIGN â‰Š clapping hands,&#128079;
ğŸ‘ğŸ»,"clapping hands, type-1-2",&#128079; &#127995;
ğŸ‘ğŸ¼,"clapping hands, type-3",&#128079; &#127996;
ğŸ‘ğŸ½,"clapping hands, type-4",&#128079; &#127997;
ğŸ‘ğŸ¾,"clapping hands, type-5",&#128079; &#127998;
ğŸ‘ğŸ¿,"clapping hands, type-6",&#128079; &#127999;
âœ,WRITING HAND,&#9997;
âœğŸ»,"writing hand, type-1-2",&#9997; &#127995;
âœğŸ¼,"writing hand, type-3",&#9997; &#127996;
âœğŸ½,"writing hand, type-4",&#9997; &#127997;
âœğŸ¾,"writing hand, type-5",&#9997; &#127998;
âœğŸ¿,"writing hand, type-6",&#9997; &#127999;
ğŸ‘,OPEN HANDS SIGN â‰Š open hands,&#128080;
ğŸ‘ğŸ»,"open hands, type-1-2",&#128080; &#127995;
ğŸ‘ğŸ¼,"open hands, type-3",&#128080; &#127996;
ğŸ‘ğŸ½,"open hands, type-4",&#128080; &#127997;
ğŸ‘ğŸ¾,"open hands, type-5",&#128080; &#127998;
ğŸ‘ğŸ¿,"open hands, type-6",&#128080; &#127999;
ğŸ™Œ,PERSON RAISING BOTH HANDS IN CELEBRATION â‰Š person raising hands,&#128588;
ğŸ™ŒğŸ»,"person raising hands, type-1-2",&#128588; &#127995;
ğŸ™ŒğŸ¼,"person raising hands, type-3",&#128588; &#127996;
ğŸ™ŒğŸ½,"person raising hands, type-4",&#128588; &#127997;
ğŸ™ŒğŸ¾,"person raising hands, type-5",&#128588; &#127998;
ğŸ™ŒğŸ¿,"person raising hands, type-6",&#128588; &#127999;
ğŸ™,PERSON WITH FOLDED HANDS â‰Š folded hands,&#128591;
ğŸ™ğŸ»,"folded hands, type-1-2",&#128591; &#127995;
ğŸ™ğŸ¼,"folded hands, type-3",&#128591; &#127996;
ğŸ™ğŸ½,"folded hands, type-4",&#128591; &#127997;
ğŸ™ğŸ¾,"folded hands, type-5",&#128591; &#127998;
ğŸ™ğŸ¿,"folded hands, type-6",&#128591; &#127999;
ğŸ¤,HANDSHAKE,&#129309;
ğŸ¤ğŸ»,"handshake, type-1-2",&#129309; &#127995;
ğŸ¤ğŸ¼,"handshake, type-3",&#129309; &#127996;
ğŸ¤ğŸ½,"handshake, type-4",&#129309; &#127997;
ğŸ¤ğŸ¾,"handshake, type-5",&#129309; &#127998;
ğŸ¤ğŸ¿,"handshake, type-6",&#129309; &#127999;
ğŸ’…,NAIL POLISH,&#128133;
ğŸ’…ğŸ»,"nail polish, type-1-2",&#128133; &#127995;
ğŸ’…ğŸ¼,"nail polish, type-3",&#128133; &#127996;
ğŸ’…ğŸ½,"nail polish, type-4",&#128133; &#127997;
ğŸ’…ğŸ¾,"nail polish, type-5",&#128133; &#127998;
ğŸ’…ğŸ¿,"nail polish, type-6",&#128133; &#127999;
ğŸ‘‚,EAR,&#128066;
ğŸ‘‚ğŸ»,"ear, type-1-2",&#128066; &#127995;
ğŸ‘‚ğŸ¼,"ear, type-3",&#128066; &#127996;
ğŸ‘‚ğŸ½,"ear, type-4",&#128066; &#127997;
ğŸ‘‚ğŸ¾,"ear, type-5",&#128066; &#127998;
ğŸ‘‚ğŸ¿,"ear, type-6",&#128066; &#127999;
ğŸ‘ƒ,NOSE,&#128067;
ğŸ‘ƒğŸ»,"nose, type-1-2",&#128067; &#127995;
ğŸ‘ƒğŸ¼,"nose, type-3",&#128067; &#127996;
ğŸ‘ƒğŸ½,"nose, type-4",&#128067; &#127997;
ğŸ‘ƒğŸ¾,"nose, type-5",&#128067; &#127998;
ğŸ‘ƒğŸ¿,"nose, type-6",&#128067; &#127999;
ğŸ‘£,FOOTPRINTS,&#128099;
ğŸ‘€,EYES,&#128064;
ğŸ‘,EYE,&#128065;
ğŸ‘â€ğŸ—¨,"eye, left speech bubble",&#128065; &#8205; &#128488;
ğŸ‘…,TONGUE,&#128069;
ğŸ‘„,MOUTH,&#128068;
ğŸ’‹,KISS MARK,&#128139;
ğŸ’˜,HEART WITH ARROW,&#128152;
â¤,HEAVY BLACK HEART â‰Š red heart,&#10084;
ğŸ’“,BEATING HEART,&#128147;
ğŸ’”,BROKEN HEART,&#128148;
ğŸ’•,TWO HEARTS,&#128149;
ğŸ’–,SPARKLING HEART,&#128150;
ğŸ’—,GROWING HEART,&#128151;
ğŸ’™,BLUE HEART,&#128153;
ğŸ’š,GREEN HEART,&#128154;
ğŸ’›,YELLOW HEART,&#128155;
ğŸ’œ,PURPLE HEART,&#128156;
ğŸ–¤,BLACK HEART,&#128420;
ğŸ’,HEART WITH RIBBON,&#128157;
ğŸ’,REVOLVING HEARTS,&#128158;
ğŸ’Ÿ,HEART DECORATION,&#128159;
â£,HEAVY HEART EXCLAMATION MARK ORNAMENT â‰Š heavy heart exclamation,&#10083;
ğŸ’Œ,LOVE LETTER,&#128140;
ğŸ’¤,SLEEPING SYMBOL â‰Š zzz,&#128164;
ğŸ’¢,ANGER SYMBOL,&#128162;
ğŸ’£,BOMB,&#128163;
ğŸ’¥,COLLISION SYMBOL â‰Š collision,&#128165;
ğŸ’¦,SPLASHING SWEAT SYMBOL â‰Š sweat droplets,&#128166;
ğŸ’¨,DASH SYMBOL â‰Š dashing,&#128168;
ğŸ’«,DIZZY SYMBOL â‰Š dizzy,&#128171;
ğŸ’¬,SPEECH BALLOON,&#128172;
ğŸ—¨,LEFT SPEECH BUBBLE,&#128488;
ğŸ—¯,RIGHT ANGER BUBBLE,&#128495;
ğŸ’­,THOUGHT BALLOON,&#128173;
ğŸ•³,HOLE,&#128371;
ğŸ‘“,EYEGLASSES â‰Š glasses,&#128083;
ğŸ•¶,DARK SUNGLASSES â‰Š sunglasses,&#128374;
ğŸ‘”,NECKTIE,&#128084;
ğŸ‘•,T-SHIRT,&#128085;
ğŸ‘–,JEANS,&#128086;
ğŸ‘—,DRESS,&#128087;
ğŸ‘˜,KIMONO,&#128088;
ğŸ‘™,BIKINI,&#128089;
ğŸ‘š,WOMANS CLOTHES â‰Š womanÃ¢â‚¬â„¢s clothes,&#128090;
ğŸ‘›,PURSE,&#128091;
ğŸ‘œ,HANDBAG,&#128092;
ğŸ‘,POUCH,&#128093;
ğŸ›,SHOPPING BAGS,&#128717;
ğŸ’,SCHOOL SATCHEL â‰Š school backpack,&#127890;
ğŸ‘,MANS SHOE â‰Š manÃ¢â‚¬â„¢s shoe,&#128094;
ğŸ‘Ÿ,ATHLETIC SHOE â‰Š running shoe,&#128095;
ğŸ‘ ,HIGH-HEELED SHOE,&#128096;
ğŸ‘¡,WOMANS SANDAL â‰Š womanÃ¢â‚¬â„¢s sandal,&#128097;
ğŸ‘¢,WOMANS BOOTS â‰Š womanÃ¢â‚¬â„¢s boot,&#128098;
ğŸ‘‘,CROWN,&#128081;
ğŸ‘’,WOMANS HAT â‰Š womanÃ¢â‚¬â„¢s hat,&#128082;
ğŸ©,TOP HAT,&#127913;
ğŸ“,GRADUATION CAP,&#127891;
â›‘,HELMET WITH WHITE CROSS,&#9937;
ğŸ“¿,PRAYER BEADS,&#128255;
ğŸ’„,LIPSTICK,&#128132;
ğŸ’,RING,&#128141;
ğŸ’,GEM STONE,&#128142;
ğŸµ,MONKEY FACE,&#128053;
ğŸ’,MONKEY,&#128018;
ğŸ¦,GORILLA,&#129421;
ğŸ¶,DOG FACE,&#128054;
ğŸ•,DOG,&#128021;
ğŸ©,POODLE,&#128041;
ğŸº,WOLF FACE,&#128058;
ğŸ¦Š,FOX FACE,&#129418;
ğŸ±,CAT FACE,&#128049;
ğŸˆ,CAT,&#128008;
ğŸ¦,LION FACE,&#129409;
ğŸ¯,TIGER FACE,&#128047;
ğŸ…,TIGER,&#128005;
ğŸ†,LEOPARD,&#128006;
ğŸ´,HORSE FACE,&#128052;
ğŸ,HORSE,&#128014;
ğŸ¦Œ,DEER,&#129420;
ğŸ¦„,UNICORN FACE,&#129412;
ğŸ®,COW FACE,&#128046;
ğŸ‚,OX,&#128002;
ğŸƒ,WATER BUFFALO,&#128003;
ğŸ„,COW,&#128004;
ğŸ·,PIG FACE,&#128055;
ğŸ–,PIG,&#128022;
ğŸ—,BOAR,&#128023;
ğŸ½,PIG NOSE,&#128061;
ğŸ,RAM,&#128015;
ğŸ‘,SHEEP,&#128017;
ğŸ,GOAT,&#128016;
ğŸª,DROMEDARY CAMEL â‰Š camel,&#128042;
ğŸ«,BACTRIAN CAMEL â‰Š two-hump camel,&#128043;
ğŸ˜,ELEPHANT,&#128024;
ğŸ¦,RHINOCEROS,&#129423;
ğŸ­,MOUSE FACE,&#128045;
ğŸ,MOUSE,&#128001;
ğŸ€,RAT,&#128000;
ğŸ¹,HAMSTER FACE,&#128057;
ğŸ°,RABBIT FACE,&#128048;
ğŸ‡,RABBIT,&#128007;
ğŸ¿,CHIPMUNK,&#128063;
ğŸ¦‡,BAT,&#129415;
ğŸ»,BEAR FACE,&#128059;
ğŸ¨,KOALA,&#128040;
ğŸ¼,PANDA FACE,&#128060;
ğŸ¾,PAW PRINTS,&#128062;
ğŸ¦ƒ,TURKEY,&#129411;
ğŸ”,CHICKEN,&#128020;
ğŸ“,ROOSTER,&#128019;
ğŸ£,HATCHING CHICK,&#128035;
ğŸ¤,BABY CHICK,&#128036;
ğŸ¥,FRONT-FACING BABY CHICK,&#128037;
ğŸ¦,BIRD,&#128038;
ğŸ§,PENGUIN,&#128039;
ğŸ•Š,DOVE OF PEACE â‰Š dove,&#128330;
ğŸ¦…,EAGLE,&#129413;
ğŸ¦†,DUCK,&#129414;
ğŸ¦‰,OWL,&#129417;
ğŸ¸,FROG FACE,&#128056;
ğŸŠ,CROCODILE,&#128010;
ğŸ¢,TURTLE,&#128034;
ğŸ¦,LIZARD,&#129422;
ğŸ,SNAKE,&#128013;
ğŸ²,DRAGON FACE,&#128050;
ğŸ‰,DRAGON,&#128009;
ğŸ³,SPOUTING WHALE,&#128051;
ğŸ‹,WHALE,&#128011;
ğŸ¬,DOLPHIN,&#128044;
ğŸŸ,FISH,&#128031;
ğŸ ,TROPICAL FISH,&#128032;
ğŸ¡,BLOWFISH,&#128033;
ğŸ¦ˆ,SHARK,&#129416;
ğŸ™,OCTOPUS,&#128025;
ğŸš,SPIRAL SHELL,&#128026;
ğŸ¦€,CRAB,&#129408;
ğŸ¦,SHRIMP,&#129424;
ğŸ¦‘,SQUID,&#129425;
ğŸ¦‹,BUTTERFLY,&#129419;
ğŸŒ,SNAIL,&#128012;
ğŸ›,BUG,&#128027;
ğŸœ,ANT,&#128028;
ğŸ,HONEYBEE,&#128029;
ğŸ,LADY BEETLE,&#128030;
ğŸ•·,SPIDER,&#128375;
ğŸ•¸,SPIDER WEB,&#128376;
ğŸ¦‚,SCORPION,&#129410;
ğŸ’,BOUQUET,&#128144;
ğŸŒ¸,CHERRY BLOSSOM,&#127800;
ğŸ’®,WHITE FLOWER,&#128174;
ğŸµ,ROSETTE,&#127989;
ğŸŒ¹,ROSE,&#127801;
ğŸ¥€,WILTED FLOWER,&#129344;
ğŸŒº,HIBISCUS,&#127802;
ğŸŒ»,SUNFLOWER,&#127803;
ğŸŒ¼,BLOSSOM,&#127804;
ğŸŒ·,TULIP,&#127799;
ğŸŒ±,SEEDLING,&#127793;
ğŸŒ²,EVERGREEN TREE â‰Š evergreen,&#127794;
ğŸŒ³,DECIDUOUS TREE,&#127795;
ğŸŒ´,PALM TREE,&#127796;
ğŸŒµ,CACTUS,&#127797;
ğŸŒ¾,EAR OF RICE â‰Š sheaf of rice,&#127806;
ğŸŒ¿,HERB,&#127807;
â˜˜,SHAMROCK,&#9752;
ğŸ€,FOUR LEAF CLOVER,&#127808;
ğŸ,MAPLE LEAF,&#127809;
ğŸ‚,FALLEN LEAF,&#127810;
ğŸƒ,LEAF FLUTTERING IN WIND,&#127811;
ğŸ‡,GRAPES,&#127815;
ğŸˆ,MELON,&#127816;
ğŸ‰,WATERMELON,&#127817;
ğŸŠ,TANGERINE,&#127818;
ğŸ‹,LEMON,&#127819;
ğŸŒ,BANANA,&#127820;
ğŸ,PINEAPPLE,&#127821;
ğŸ,RED APPLE,&#127822;
ğŸ,GREEN APPLE,&#127823;
ğŸ,PEAR,&#127824;
ğŸ‘,PEACH,&#127825;
ğŸ’,CHERRIES,&#127826;
ğŸ“,STRAWBERRY,&#127827;
ğŸ¥,KIWIFRUIT,&#129373;
ğŸ…,TOMATO,&#127813;
ğŸ¥‘,AVOCADO,&#129361;
ğŸ†,AUBERGINE â‰Š eggplant,&#127814;
ğŸ¥”,POTATO,&#129364;
ğŸ¥•,CARROT,&#129365;
ğŸŒ½,EAR OF MAIZE â‰Š ear of corn,&#127805;
ğŸŒ¶,HOT PEPPER,&#127798;
ğŸ¥’,CUCUMBER,&#129362;
ğŸ„,MUSHROOM,&#127812;
ğŸ¥œ,PEANUTS,&#129372;
ğŸŒ°,CHESTNUT,&#127792;
ğŸ,BREAD,&#127838;
ğŸ¥,CROISSANT,&#129360;
ğŸ¥–,BAGUETTE BREAD,&#129366;
ğŸ¥,PANCAKES,&#129374;
ğŸ§€,CHEESE WEDGE,&#129472;
ğŸ–,MEAT ON BONE,&#127830;
ğŸ—,POULTRY LEG,&#127831;
ğŸ¥“,BACON,&#129363;
ğŸ”,HAMBURGER,&#127828;
ğŸŸ,FRENCH FRIES,&#127839;
ğŸ•,SLICE OF PIZZA â‰Š pizza,&#127829;
ğŸŒ­,HOT DOG,&#127789;
ğŸŒ®,TACO,&#127790;
ğŸŒ¯,BURRITO,&#127791;
ğŸ¥™,STUFFED FLATBREAD,&#129369;
ğŸ¥š,EGG,&#129370;
ğŸ³,COOKING,&#127859;
ğŸ¥˜,SHALLOW PAN OF FOOD,&#129368;
ğŸ²,POT OF FOOD,&#127858;
ğŸ¥—,GREEN SALAD,&#129367;
ğŸ¿,POPCORN,&#127871;
ğŸ±,BENTO BOX,&#127857;
ğŸ˜,RICE CRACKER,&#127832;
ğŸ™,RICE BALL,&#127833;
ğŸš,COOKED RICE,&#127834;
ğŸ›,CURRY AND RICE â‰Š curry rice,&#127835;
ğŸœ,STEAMING BOWL,&#127836;
ğŸ,SPAGHETTI,&#127837;
ğŸ ,ROASTED SWEET POTATO,&#127840;
ğŸ¢,ODEN,&#127842;
ğŸ£,SUSHI,&#127843;
ğŸ¤,FRIED SHRIMP,&#127844;
ğŸ¥,FISH CAKE WITH SWIRL DESIGN â‰Š fish cake with swirl,&#127845;
ğŸ¡,DANGO,&#127841;
ğŸ¦,SOFT ICE CREAM,&#127846;
ğŸ§,SHAVED ICE,&#127847;
ğŸ¨,ICE CREAM,&#127848;
ğŸ©,DOUGHNUT,&#127849;
ğŸª,COOKIE,&#127850;
ğŸ‚,BIRTHDAY CAKE,&#127874;
ğŸ°,SHORTCAKE,&#127856;
ğŸ«,CHOCOLATE BAR,&#127851;
ğŸ¬,CANDY,&#127852;
ğŸ­,LOLLIPOP,&#127853;
ğŸ®,CUSTARD,&#127854;
ğŸ¯,HONEY POT,&#127855;
ğŸ¼,BABY BOTTLE,&#127868;
ğŸ¥›,GLASS OF MILK,&#129371;
â˜•,HOT BEVERAGE,&#9749;
ğŸµ,TEACUP WITHOUT HANDLE,&#127861;
ğŸ¶,SAKE BOTTLE AND CUP â‰Š sake,&#127862;
ğŸ¾,BOTTLE WITH POPPING CORK,&#127870;
ğŸ·,WINE GLASS,&#127863;
ğŸ¸,COCKTAIL GLASS,&#127864;
ğŸ¹,TROPICAL DRINK,&#127865;
ğŸº,BEER MUG,&#127866;
ğŸ»,CLINKING BEER MUGS,&#127867;
ğŸ¥‚,CLINKING GLASSES,&#129346;
ğŸ¥ƒ,TUMBLER GLASS,&#129347;
ğŸ½,FORK AND KNIFE WITH PLATE,&#127869;
ğŸ´,FORK AND KNIFE,&#127860;
ğŸ¥„,SPOON,&#129348;
ğŸ”ª,HOCHO â‰Š kitchen knife,&#128298;
ğŸº,AMPHORA,&#127994;
ğŸŒ,EARTH GLOBE EUROPE-AFRICA â‰Š globe showing europe-africa,&#127757;
ğŸŒ,EARTH GLOBE AMERICAS â‰Š globe showing americas,&#127758;
ğŸŒ,EARTH GLOBE ASIA-AUSTRALIA â‰Š globe showing asia-australia,&#127759;
ğŸŒ,GLOBE WITH MERIDIANS,&#127760;
ğŸ—º,WORLD MAP,&#128506;
ğŸ—¾,SILHOUETTE OF JAPAN â‰Š map of japan,&#128510;
ğŸ”,SNOW CAPPED MOUNTAIN â‰Š snow-capped mountain,&#127956;
â›°,MOUNTAIN,&#9968;
ğŸŒ‹,VOLCANO,&#127755;
ğŸ—»,MOUNT FUJI,&#128507;
ğŸ•,CAMPING,&#127957;
ğŸ–,BEACH WITH UMBRELLA,&#127958;
ğŸœ,DESERT,&#127964;
ğŸ,DESERT ISLAND,&#127965;
ğŸ,NATIONAL PARK,&#127966;
ğŸŸ,STADIUM,&#127967;
ğŸ›,CLASSICAL BUILDING,&#127963;
ğŸ—,BUILDING CONSTRUCTION,&#127959;
ğŸ˜,HOUSE BUILDINGS,&#127960;
ğŸ™,CITYSCAPE,&#127961;
ğŸš,DERELICT HOUSE BUILDING,&#127962;
ğŸ ,HOUSE BUILDING,&#127968;
ğŸ¡,HOUSE WITH GARDEN,&#127969;
ğŸ¢,OFFICE BUILDING,&#127970;
ğŸ£,JAPANESE POST OFFICE,&#127971;
ğŸ¤,EUROPEAN POST OFFICE â‰Š post office,&#127972;
ğŸ¥,HOSPITAL,&#127973;
ğŸ¦,BANK,&#127974;
ğŸ¨,HOTEL,&#127976;
ğŸ©,LOVE HOTEL,&#127977;
ğŸª,CONVENIENCE STORE,&#127978;
ğŸ«,SCHOOL,&#127979;
ğŸ¬,DEPARTMENT STORE,&#127980;
ğŸ­,FACTORY,&#127981;
ğŸ¯,JAPANESE CASTLE,&#127983;
ğŸ°,EUROPEAN CASTLE â‰Š castle,&#127984;
ğŸ’’,WEDDING,&#128146;
ğŸ—¼,TOKYO TOWER,&#128508;
ğŸ—½,STATUE OF LIBERTY,&#128509;
â›ª,CHURCH,&#9962;
ğŸ•Œ,MOSQUE,&#128332;
ğŸ•,SYNAGOGUE,&#128333;
â›©,SHINTO SHRINE,&#9961;
ğŸ•‹,KAABA,&#128331;
â›²,FOUNTAIN,&#9970;
â›º,TENT,&#9978;
ğŸŒ,FOGGY,&#127745;
ğŸŒƒ,NIGHT WITH STARS,&#127747;
ğŸŒ„,SUNRISE OVER MOUNTAINS,&#127748;
ğŸŒ…,SUNRISE,&#127749;
ğŸŒ†,CITYSCAPE AT DUSK,&#127750;
ğŸŒ‡,SUNSET OVER BUILDINGS â‰Š sunset,&#127751;
ğŸŒ‰,BRIDGE AT NIGHT,&#127753;
â™¨,HOT SPRINGS,&#9832;
ğŸŒŒ,MILKY WAY,&#127756;
ğŸ ,CAROUSEL HORSE,&#127904;
ğŸ¡,FERRIS WHEEL,&#127905;
ğŸ¢,ROLLER COASTER,&#127906;
ğŸ’ˆ,BARBER POLE,&#128136;
ğŸª,CIRCUS TENT,&#127914;
ğŸ­,PERFORMING ARTS,&#127917;
ğŸ–¼,FRAME WITH PICTURE,&#128444;
ğŸ¨,ARTIST PALETTE,&#127912;
ğŸ°,SLOT MACHINE,&#127920;
ğŸš‚,STEAM LOCOMOTIVE â‰Š locomotive,&#128642;
ğŸšƒ,RAILWAY CAR,&#128643;
ğŸš„,HIGH-SPEED TRAIN,&#128644;
ğŸš…,HIGH-SPEED TRAIN WITH BULLET NOSE,&#128645;
ğŸš†,TRAIN,&#128646;
ğŸš‡,METRO,&#128647;
ğŸšˆ,LIGHT RAIL,&#128648;
ğŸš‰,STATION,&#128649;
ğŸšŠ,TRAM,&#128650;
ğŸš,MONORAIL,&#128669;
ğŸš,MOUNTAIN RAILWAY,&#128670;
ğŸš‹,TRAM CAR,&#128651;
ğŸšŒ,BUS,&#128652;
ğŸš,ONCOMING BUS,&#128653;
ğŸš,TROLLEYBUS,&#128654;
ğŸš,MINIBUS,&#128656;
ğŸš‘,AMBULANCE,&#128657;
ğŸš’,FIRE ENGINE,&#128658;
ğŸš“,POLICE CAR,&#128659;
ğŸš”,ONCOMING POLICE CAR,&#128660;
ğŸš•,TAXI,&#128661;
ğŸš–,ONCOMING TAXI,&#128662;
ğŸš—,AUTOMOBILE,&#128663;
ğŸš˜,ONCOMING AUTOMOBILE,&#128664;
ğŸš™,RECREATIONAL VEHICLE,&#128665;
ğŸšš,DELIVERY TRUCK,&#128666;
ğŸš›,ARTICULATED LORRY,&#128667;
ğŸšœ,TRACTOR,&#128668;
ğŸš²,BICYCLE,&#128690;
ğŸ›´,SCOOTER â‰Š kick scooter,&#128756;
ğŸ›µ,MOTOR SCOOTER,&#128757;
ğŸ,RACING CAR,&#127950;
ğŸ,RACING MOTORCYCLE â‰Š motorcycle,&#127949;
ğŸš,BUS STOP,&#128655;
ğŸ›£,MOTORWAY,&#128739;
ğŸ›¤,RAILWAY TRACK,&#128740;
â›½,FUEL PUMP,&#9981;
ğŸš¨,POLICE CARS REVOLVING LIGHT â‰Š police carÃ¢â‚¬â„¢s light,&#128680;
ğŸš¥,HORIZONTAL TRAFFIC LIGHT,&#128677;
ğŸš¦,VERTICAL TRAFFIC LIGHT,&#128678;
ğŸš§,CONSTRUCTION SIGN â‰Š construction,&#128679;
ğŸ›‘,OCTAGONAL SIGN â‰Š stop sign,&#128721;
âš“,ANCHOR,&#9875;
â›µ,SAILBOAT,&#9973;
ğŸ›¶,CANOE,&#128758;
ğŸš¤,SPEEDBOAT,&#128676;
ğŸ›³,PASSENGER SHIP,&#128755;
â›´,FERRY,&#9972;
ğŸ›¥,MOTOR BOAT,&#128741;
ğŸš¢,SHIP,&#128674;
âœˆ,AIRPLANE,&#9992;
ğŸ›©,SMALL AIRPLANE,&#128745;
ğŸ›«,AIRPLANE DEPARTURE,&#128747;
ğŸ›¬,AIRPLANE ARRIVING â‰Š airplane arrival,&#128748;
ğŸ’º,SEAT,&#128186;
ğŸš,HELICOPTER,&#128641;
ğŸšŸ,SUSPENSION RAILWAY,&#128671;
ğŸš ,MOUNTAIN CABLEWAY,&#128672;
ğŸš¡,AERIAL TRAMWAY,&#128673;
ğŸš€,ROCKET,&#128640;
ğŸ›°,SATELLITE,&#128752;
ğŸ›,BELLHOP BELL,&#128718;
ğŸšª,DOOR,&#128682;
ğŸ›Œ,SLEEPING ACCOMMODATION â‰Š person in bed,&#128716;
ğŸ›,BED,&#128719;
ğŸ›‹,COUCH AND LAMP,&#128715;
ğŸš½,TOILET,&#128701;
ğŸš¿,SHOWER,&#128703;
ğŸ›€,BATH â‰Š person taking bath,&#128704;
ğŸ›€ğŸ»,"person taking bath, type-1-2",&#128704; &#127995;
ğŸ›€ğŸ¼,"person taking bath, type-3",&#128704; &#127996;
ğŸ›€ğŸ½,"person taking bath, type-4",&#128704; &#127997;
ğŸ›€ğŸ¾,"person taking bath, type-5",&#128704; &#127998;
ğŸ›€ğŸ¿,"person taking bath, type-6",&#128704; &#127999;
ğŸ›,BATHTUB,&#128705;
âŒ›,HOURGLASS,&#8987;
â³,HOURGLASS WITH FLOWING SAND,&#9203;
âŒš,WATCH,&#8986;
â°,ALARM CLOCK,&#9200;
â±,STOPWATCH,&#9201;
â²,TIMER CLOCK,&#9202;
ğŸ•°,MANTELPIECE CLOCK,&#128368;
ğŸ•›,CLOCK FACE TWELVE OCLOCK â‰Š twelve oÃ¢â‚¬â„¢clock,&#128347;
ğŸ•§,CLOCK FACE TWELVE-THIRTY â‰Š twelve-thirty,&#128359;
ğŸ•,CLOCK FACE ONE OCLOCK â‰Š one oÃ¢â‚¬â„¢clock,&#128336;
ğŸ•œ,CLOCK FACE ONE-THIRTY â‰Š one-thirty,&#128348;
ğŸ•‘,CLOCK FACE TWO OCLOCK â‰Š two oÃ¢â‚¬â„¢clock,&#128337;
ğŸ•,CLOCK FACE TWO-THIRTY â‰Š two-thirty,&#128349;
ğŸ•’,CLOCK FACE THREE OCLOCK â‰Š three oÃ¢â‚¬â„¢clock,&#128338;
ğŸ•,CLOCK FACE THREE-THIRTY â‰Š three-thirty,&#128350;
ğŸ•“,CLOCK FACE FOUR OCLOCK â‰Š four oÃ¢â‚¬â„¢clock,&#128339;
ğŸ•Ÿ,CLOCK FACE FOUR-THIRTY â‰Š four-thirty,&#128351;
ğŸ•”,CLOCK FACE FIVE OCLOCK â‰Š five oÃ¢â‚¬â„¢clock,&#128340;
ğŸ• ,CLOCK FACE FIVE-THIRTY â‰Š five-thirty,&#128352;
ğŸ••,CLOCK FACE SIX OCLOCK â‰Š six oÃ¢â‚¬â„¢clock,&#128341;
ğŸ•¡,CLOCK FACE SIX-THIRTY â‰Š six-thirty,&#128353;
ğŸ•–,CLOCK FACE SEVEN OCLOCK â‰Š seven oÃ¢â‚¬â„¢clock,&#128342;
ğŸ•¢,CLOCK FACE SEVEN-THIRTY â‰Š seven-thirty,&#128354;
ğŸ•—,CLOCK FACE EIGHT OCLOCK â‰Š eight oÃ¢â‚¬â„¢clock,&#128343;
ğŸ•£,CLOCK FACE EIGHT-THIRTY â‰Š eight-thirty,&#128355;
ğŸ•˜,CLOCK FACE NINE OCLOCK â‰Š nine oÃ¢â‚¬â„¢clock,&#128344;
ğŸ•¤,CLOCK FACE NINE-THIRTY â‰Š nine-thirty,&#128356;
ğŸ•™,CLOCK FACE TEN OCLOCK â‰Š ten oÃ¢â‚¬â„¢clock,&#128345;
ğŸ•¥,CLOCK FACE TEN-THIRTY â‰Š ten-thirty,&#128357;
ğŸ•š,CLOCK FACE ELEVEN OCLOCK â‰Š eleven oÃ¢â‚¬â„¢clock,&#128346;
ğŸ•¦,CLOCK FACE ELEVEN-THIRTY â‰Š eleven-thirty,&#128358;
ğŸŒ‘,NEW MOON SYMBOL â‰Š new moon,&#127761;
ğŸŒ’,WAXING CRESCENT MOON SYMBOL â‰Š waxing crescent moon,&#127762;
ğŸŒ“,FIRST QUARTER MOON SYMBOL â‰Š first quarter moon,&#127763;
ğŸŒ”,WAXING GIBBOUS MOON SYMBOL â‰Š waxing gibbous moon,&#127764;
ğŸŒ•,FULL MOON SYMBOL â‰Š full moon,&#127765;
ğŸŒ–,WANING GIBBOUS MOON SYMBOL â‰Š waning gibbous moon,&#127766;
ğŸŒ—,LAST QUARTER MOON SYMBOL â‰Š last quarter moon,&#127767;
ğŸŒ˜,WANING CRESCENT MOON SYMBOL â‰Š waning crescent moon,&#127768;
ğŸŒ™,CRESCENT MOON,&#127769;
ğŸŒš,NEW MOON WITH FACE â‰Š new moon face,&#127770;
ğŸŒ›,FIRST QUARTER MOON WITH FACE,&#127771;
ğŸŒœ,LAST QUARTER MOON WITH FACE,&#127772;
ğŸŒ¡,THERMOMETER,&#127777;
â˜€,BLACK SUN WITH RAYS â‰Š sun,&#9728;
ğŸŒ,FULL MOON WITH FACE,&#127773;
ğŸŒ,SUN WITH FACE,&#127774;
â­,WHITE MEDIUM STAR,&#11088;
ğŸŒŸ,GLOWING STAR,&#127775;
ğŸŒ ,SHOOTING STAR,&#127776;
â˜,CLOUD,&#9729;
â›…,SUN BEHIND CLOUD,&#9925;
â›ˆ,THUNDER CLOUD AND RAIN â‰Š cloud with lightning and rain,&#9928;
ğŸŒ¤,WHITE SUN WITH SMALL CLOUD â‰Š sun behind small cloud,&#127780;
ğŸŒ¥,WHITE SUN BEHIND CLOUD â‰Š sun behind large cloud,&#127781;
ğŸŒ¦,WHITE SUN BEHIND CLOUD WITH RAIN â‰Š sun behind cloud with rain,&#127782;
ğŸŒ§,CLOUD WITH RAIN,&#127783;
ğŸŒ¨,CLOUD WITH SNOW,&#127784;
ğŸŒ©,CLOUD WITH LIGHTNING,&#127785;
ğŸŒª,CLOUD WITH TORNADO â‰Š tornado,&#127786;
ğŸŒ«,FOG,&#127787;
ğŸŒ¬,WIND BLOWING FACE â‰Š wind face,&#127788;
ğŸŒ€,CYCLONE,&#127744;
ğŸŒˆ,RAINBOW,&#127752;
ğŸŒ‚,CLOSED UMBRELLA,&#127746;
â˜‚,UMBRELLA,&#9730;
â˜”,UMBRELLA WITH RAIN DROPS,&#9748;
â›±,UMBRELLA ON GROUND,&#9969;
âš¡,HIGH VOLTAGE SIGN â‰Š high voltage,&#9889;
â„,SNOWFLAKE,&#10052;
â˜ƒ,SNOWMAN,&#9731;
â›„,SNOWMAN WITHOUT SNOW,&#9924;
â˜„,COMET,&#9732;
ğŸ”¥,FIRE,&#128293;
ğŸ’§,DROPLET,&#128167;
ğŸŒŠ,WATER WAVE,&#127754;
ğŸƒ,JACK-O-LANTERN,&#127875;
ğŸ„,CHRISTMAS TREE,&#127876;
ğŸ†,FIREWORKS,&#127878;
ğŸ‡,FIREWORK SPARKLER â‰Š sparkler,&#127879;
âœ¨,SPARKLES,&#10024;
ğŸˆ,BALLOON,&#127880;
ğŸ‰,PARTY POPPER,&#127881;
ğŸŠ,CONFETTI BALL,&#127882;
ğŸ‹,TANABATA TREE,&#127883;
ğŸ,PINE DECORATION,&#127885;
ğŸ,JAPANESE DOLLS,&#127886;
ğŸ,CARP STREAMER,&#127887;
ğŸ,WIND CHIME,&#127888;
ğŸ‘,MOON VIEWING CEREMONY â‰Š moon ceremony,&#127889;
ğŸ€,RIBBON,&#127872;
ğŸ,WRAPPED PRESENT,&#127873;
ğŸ—,REMINDER RIBBON,&#127895;
ğŸŸ,ADMISSION TICKETS,&#127903;
ğŸ«,TICKET,&#127915;
ğŸ–,MILITARY MEDAL,&#127894;
ğŸ†,TROPHY,&#127942;
ğŸ…,SPORTS MEDAL,&#127941;
ğŸ¥‡,FIRST PLACE MEDAL â‰Š 1st place medal,&#129351;
ğŸ¥ˆ,SECOND PLACE MEDAL â‰Š 2nd place medal,&#129352;
ğŸ¥‰,THIRD PLACE MEDAL â‰Š 3rd place medal,&#129353;
âš½,SOCCER BALL,&#9917;
âš¾,BASEBALL,&#9918;
ğŸ€,BASKETBALL AND HOOP â‰Š basketball,&#127936;
ğŸ,VOLLEYBALL,&#127952;
ğŸˆ,AMERICAN FOOTBALL,&#127944;
ğŸ‰,RUGBY FOOTBALL,&#127945;
ğŸ¾,TENNIS RACQUET AND BALL â‰Š tennis,&#127934;
ğŸ±,BILLIARDS,&#127921;
ğŸ³,BOWLING,&#127923;
ğŸ,CRICKET BAT AND BALL â‰Š cricket,&#127951;
ğŸ‘,FIELD HOCKEY STICK AND BALL â‰Š field hockey,&#127953;
ğŸ’,ICE HOCKEY STICK AND PUCK,&#127954;
ğŸ“,TABLE TENNIS PADDLE AND BALL â‰Š ping pong,&#127955;
ğŸ¸,BADMINTON RACQUET AND SHUTTLECOCK â‰Š badminton,&#127992;
ğŸ¥Š,BOXING GLOVE,&#129354;
ğŸ¥‹,MARTIAL ARTS UNIFORM,&#129355;
ğŸ¥…,GOAL NET,&#129349;
ğŸ¯,DIRECT HIT,&#127919;
â›³,FLAG IN HOLE,&#9971;
â›¸,ICE SKATE,&#9976;
ğŸ£,FISHING POLE AND FISH â‰Š fishing pole,&#127907;
ğŸ½,RUNNING SHIRT WITH SASH â‰Š running shirt,&#127933;
ğŸ¿,SKI AND SKI BOOT â‰Š skis,&#127935;
ğŸ¤º,FENCER â‰Š person fencing,&#129338;
ğŸ‡,HORSE RACING,&#127943;
â›·,SKIER,&#9975;
ğŸ‚,SNOWBOARDER,&#127938;
ğŸŒ,GOLFER â‰Š person golfing,&#127948;
ğŸ„,SURFER â‰Š person surfing,&#127940;
ğŸ„ğŸ»,"person surfing, type-1-2",&#127940; &#127995;
ğŸ„ğŸ¼,"person surfing, type-3",&#127940; &#127996;
ğŸ„ğŸ½,"person surfing, type-4",&#127940; &#127997;
ğŸ„ğŸ¾,"person surfing, type-5",&#127940; &#127998;
ğŸ„ğŸ¿,"person surfing, type-6",&#127940; &#127999;
ğŸš£,ROWBOAT â‰Š person rowing boat,&#128675;
ğŸš£ğŸ»,"person rowing boat, type-1-2",&#128675; &#127995;
ğŸš£ğŸ¼,"person rowing boat, type-3",&#128675; &#127996;
ğŸš£ğŸ½,"person rowing boat, type-4",&#128675; &#127997;
ğŸš£ğŸ¾,"person rowing boat, type-5",&#128675; &#127998;
ğŸš£ğŸ¿,"person rowing boat, type-6",&#128675; &#127999;
ğŸŠ,SWIMMER â‰Š person swimming,&#127946;
ğŸŠğŸ»,"person swimming, type-1-2",&#127946; &#127995;
ğŸŠğŸ¼,"person swimming, type-3",&#127946; &#127996;
ğŸŠğŸ½,"person swimming, type-4",&#127946; &#127997;
ğŸŠğŸ¾,"person swimming, type-5",&#127946; &#127998;
ğŸŠğŸ¿,"person swimming, type-6",&#127946; &#127999;
â›¹,PERSON WITH BALL,&#9977;
â›¹ğŸ»,"person with ball, type-1-2",&#9977; &#127995;
â›¹ğŸ¼,"person with ball, type-3",&#9977; &#127996;
â›¹ğŸ½,"person with ball, type-4",&#9977; &#127997;
â›¹ğŸ¾,"person with ball, type-5",&#9977; &#127998;
â›¹ğŸ¿,"person with ball, type-6",&#9977; &#127999;
ğŸ‹,WEIGHT LIFTER â‰Š person weight lifting,&#127947;
ğŸ‹ğŸ»,"person weight lifting, type-1-2",&#127947; &#127995;
ğŸ‹ğŸ¼,"person weight lifting, type-3",&#127947; &#127996;
ğŸ‹ğŸ½,"person weight lifting, type-4",&#127947; &#127997;
ğŸ‹ğŸ¾,"person weight lifting, type-5",&#127947; &#127998;
ğŸ‹ğŸ¿,"person weight lifting, type-6",&#127947; &#127999;
ğŸš´,BICYCLIST â‰Š person biking,&#128692;
ğŸš´ğŸ»,"person biking, type-1-2",&#128692; &#127995;
ğŸš´ğŸ¼,"person biking, type-3",&#128692; &#127996;
ğŸš´ğŸ½,"person biking, type-4",&#128692; &#127997;
ğŸš´ğŸ¾,"person biking, type-5",&#128692; &#127998;
ğŸš´ğŸ¿,"person biking, type-6",&#128692; &#127999;
ğŸšµ,MOUNTAIN BICYCLIST â‰Š person mountain biking,&#128693;
ğŸšµğŸ»,"person mountain biking, type-1-2",&#128693; &#127995;
ğŸšµğŸ¼,"person mountain biking, type-3",&#128693; &#127996;
ğŸšµğŸ½,"person mountain biking, type-4",&#128693; &#127997;
ğŸšµğŸ¾,"person mountain biking, type-5",&#128693; &#127998;
ğŸšµğŸ¿,"person mountain biking, type-6",&#128693; &#127999;
ğŸ¤¸,PERSON DOING CARTWHEEL,&#129336;
ğŸ¤¸ğŸ»,"person doing cartwheel, type-1-2",&#129336; &#127995;
ğŸ¤¸ğŸ¼,"person doing cartwheel, type-3",&#129336; &#127996;
ğŸ¤¸ğŸ½,"person doing cartwheel, type-4",&#129336; &#127997;
ğŸ¤¸ğŸ¾,"person doing cartwheel, type-5",&#129336; &#127998;
ğŸ¤¸ğŸ¿,"person doing cartwheel, type-6",&#129336; &#127999;
ğŸ¤¼,WRESTLERS â‰Š people wrestling,&#129340;
ğŸ¤¼ğŸ»,"people wrestling, type-1-2",&#129340; &#127995;
ğŸ¤¼ğŸ¼,"people wrestling, type-3",&#129340; &#127996;
ğŸ¤¼ğŸ½,"people wrestling, type-4",&#129340; &#127997;
ğŸ¤¼ğŸ¾,"people wrestling, type-5",&#129340; &#127998;
ğŸ¤¼ğŸ¿,"people wrestling, type-6",&#129340; &#127999;
ğŸ¤½,WATER POLO â‰Š person playing water polo,&#129341;
ğŸ¤½ğŸ»,"person playing water polo, type-1-2",&#129341; &#127995;
ğŸ¤½ğŸ¼,"person playing water polo, type-3",&#129341; &#127996;
ğŸ¤½ğŸ½,"person playing water polo, type-4",&#129341; &#127997;
ğŸ¤½ğŸ¾,"person playing water polo, type-5",&#129341; &#127998;
ğŸ¤½ğŸ¿,"person playing water polo, type-6",&#129341; &#127999;
ğŸ¤¾,HANDBALL â‰Š person playing handball,&#129342;
ğŸ¤¾ğŸ»,"person playing handball, type-1-2",&#129342; &#127995;
ğŸ¤¾ğŸ¼,"person playing handball, type-3",&#129342; &#127996;
ğŸ¤¾ğŸ½,"person playing handball, type-4",&#129342; &#127997;
ğŸ¤¾ğŸ¾,"person playing handball, type-5",&#129342; &#127998;
ğŸ¤¾ğŸ¿,"person playing handball, type-6",&#129342; &#127999;
ğŸ¤¹,JUGGLING â‰Š person juggling,&#129337;
ğŸ¤¹ğŸ»,"person juggling, type-1-2",&#129337; &#127995;
ğŸ¤¹ğŸ¼,"person juggling, type-3",&#129337; &#127996;
ğŸ¤¹ğŸ½,"person juggling, type-4",&#129337; &#127997;
ğŸ¤¹ğŸ¾,"person juggling, type-5",&#129337; &#127998;
ğŸ¤¹ğŸ¿,"person juggling, type-6",&#129337; &#127999;
ğŸ®,VIDEO GAME,&#127918;
ğŸ•¹,JOYSTICK,&#128377;
ğŸ²,GAME DIE,&#127922;
â™ ,BLACK SPADE SUIT â‰Š spade suit,&#9824;
â™¥,BLACK HEART SUIT â‰Š heart suit,&#9829;
â™¦,BLACK DIAMOND SUIT â‰Š diamond suit,&#9830;
â™£,BLACK CLUB SUIT â‰Š club suit,&#9827;
ğŸƒ,PLAYING CARD BLACK JOKER â‰Š joker,&#127183;
ğŸ€„,MAHJONG TILE RED DRAGON â‰Š mahjong red dragon,&#126980;
ğŸ´,FLOWER PLAYING CARDS,&#127924;
ğŸ”‡,SPEAKER WITH CANCELLATION STROKE â‰Š speaker off,&#128263;
ğŸ”ˆ,SPEAKER,&#128264;
ğŸ”‰,SPEAKER WITH ONE SOUND WAVE â‰Š speaker on,&#128265;
ğŸ”Š,SPEAKER WITH THREE SOUND WAVES â‰Š speaker loud,&#128266;
ğŸ“¢,PUBLIC ADDRESS LOUDSPEAKER â‰Š loudspeaker,&#128226;
ğŸ“£,CHEERING MEGAPHONE â‰Š megaphone,&#128227;
ğŸ“¯,POSTAL HORN,&#128239;
ğŸ””,BELL,&#128276;
ğŸ”•,BELL WITH CANCELLATION STROKE â‰Š bell with slash,&#128277;
ğŸ¼,MUSICAL SCORE,&#127932;
ğŸµ,MUSICAL NOTE,&#127925;
ğŸ¶,MULTIPLE MUSICAL NOTES â‰Š musical notes,&#127926;
ğŸ™,STUDIO MICROPHONE,&#127897;
ğŸš,LEVEL SLIDER,&#127898;
ğŸ›,CONTROL KNOBS,&#127899;
ğŸ¤,MICROPHONE,&#127908;
ğŸ§,HEADPHONE,&#127911;
ğŸ“»,RADIO,&#128251;
ğŸ·,SAXOPHONE,&#127927;
ğŸ¸,GUITAR,&#127928;
ğŸ¹,MUSICAL KEYBOARD,&#127929;
ğŸº,TRUMPET,&#127930;
ğŸ»,VIOLIN,&#127931;
ğŸ¥,DRUM WITH DRUMSTICKS â‰Š drum,&#129345;
ğŸ“±,MOBILE PHONE,&#128241;
ğŸ“²,MOBILE PHONE WITH RIGHTWARDS ARROW AT LEFT â‰Š mobile phone with arrow,&#128242;
â˜,BLACK TELEPHONE â‰Š telephone,&#9742;
ğŸ“,TELEPHONE RECEIVER,&#128222;
ğŸ“Ÿ,PAGER,&#128223;
ğŸ“ ,FAX MACHINE,&#128224;
ğŸ”‹,BATTERY,&#128267;
ğŸ”Œ,ELECTRIC PLUG,&#128268;
ğŸ’»,PERSONAL COMPUTER â‰Š laptop computer,&#128187;
ğŸ–¥,DESKTOP COMPUTER,&#128421;
ğŸ–¨,PRINTER,&#128424;
âŒ¨,KEYBOARD,&#9000;
ğŸ–±,THREE BUTTON MOUSE â‰Š computer mouse,&#128433;
ğŸ–²,TRACKBALL,&#128434;
ğŸ’½,MINIDISC,&#128189;
ğŸ’¾,FLOPPY DISK,&#128190;
ğŸ’¿,OPTICAL DISC,&#128191;
ğŸ“€,DVD,&#128192;
ğŸ¥,MOVIE CAMERA,&#127909;
ğŸ,FILM FRAMES,&#127902;
ğŸ“½,FILM PROJECTOR,&#128253;
ğŸ¬,CLAPPER BOARD,&#127916;
ğŸ“º,TELEVISION,&#128250;
ğŸ“·,CAMERA,&#128247;
ğŸ“¸,CAMERA WITH FLASH,&#128248;
ğŸ“¹,VIDEO CAMERA,&#128249;
ğŸ“¼,VIDEOCASSETTE,&#128252;
ğŸ”,LEFT-POINTING MAGNIFYING GLASS,&#128269;
ğŸ”,RIGHT-POINTING MAGNIFYING GLASS,&#128270;
ğŸ”¬,MICROSCOPE,&#128300;
ğŸ”­,TELESCOPE,&#128301;
ğŸ“¡,SATELLITE ANTENNA,&#128225;
ğŸ•¯,CANDLE,&#128367;
ğŸ’¡,ELECTRIC LIGHT BULB â‰Š light bulb,&#128161;
ğŸ”¦,ELECTRIC TORCH â‰Š flashlight,&#128294;
ğŸ®,IZAKAYA LANTERN â‰Š red paper lantern,&#127982;
ğŸ“”,NOTEBOOK WITH DECORATIVE COVER,&#128212;
ğŸ“•,CLOSED BOOK,&#128213;
ğŸ“–,OPEN BOOK,&#128214;
ğŸ“—,GREEN BOOK,&#128215;
ğŸ“˜,BLUE BOOK,&#128216;
ğŸ“™,ORANGE BOOK,&#128217;
ğŸ“š,BOOKS,&#128218;
ğŸ““,NOTEBOOK,&#128211;
ğŸ“’,LEDGER,&#128210;
ğŸ“ƒ,PAGE WITH CURL,&#128195;
ğŸ“œ,SCROLL,&#128220;
ğŸ“„,PAGE FACING UP,&#128196;
ğŸ“°,NEWSPAPER,&#128240;
ğŸ—,ROLLED-UP NEWSPAPER,&#128478;
ğŸ“‘,BOOKMARK TABS,&#128209;
ğŸ”–,BOOKMARK,&#128278;
ğŸ·,LABEL,&#127991;
ğŸ’°,MONEY BAG,&#128176;
ğŸ’´,BANKNOTE WITH YEN SIGN â‰Š yen banknote,&#128180;
ğŸ’µ,BANKNOTE WITH DOLLAR SIGN â‰Š dollar banknote,&#128181;
ğŸ’¶,BANKNOTE WITH EURO SIGN â‰Š euro banknote,&#128182;
ğŸ’·,BANKNOTE WITH POUND SIGN â‰Š pound banknote,&#128183;
ğŸ’¸,MONEY WITH WINGS,&#128184;
ğŸ’³,CREDIT CARD,&#128179;
ğŸ’¹,CHART WITH UPWARDS TREND AND YEN SIGN â‰Š chart increasing with yen,&#128185;
ğŸ’±,CURRENCY EXCHANGE,&#128177;
ğŸ’²,HEAVY DOLLAR SIGN,&#128178;
âœ‰,ENVELOPE,&#9993;
ğŸ“§,E-MAIL SYMBOL â‰Š e-mail,&#128231;
ğŸ“¨,INCOMING ENVELOPE,&#128232;
ğŸ“©,ENVELOPE WITH DOWNWARDS ARROW ABOVE â‰Š envelope with arrow,&#128233;
ğŸ“¤,OUTBOX TRAY,&#128228;
ğŸ“¥,INBOX TRAY,&#128229;
ğŸ“¦,PACKAGE,&#128230;
ğŸ“«,CLOSED MAILBOX WITH RAISED FLAG,&#128235;
ğŸ“ª,CLOSED MAILBOX WITH LOWERED FLAG,&#128234;
ğŸ“¬,OPEN MAILBOX WITH RAISED FLAG,&#128236;
ğŸ“­,OPEN MAILBOX WITH LOWERED FLAG,&#128237;
ğŸ“®,POSTBOX,&#128238;
ğŸ—³,BALLOT BOX WITH BALLOT,&#128499;
âœ,PENCIL,&#9999;
âœ’,BLACK NIB,&#10002;
ğŸ–‹,LOWER LEFT FOUNTAIN PEN â‰Š fountain pen,&#128395;
ğŸ–Š,LOWER LEFT BALLPOINT PEN â‰Š pen,&#128394;
ğŸ–Œ,LOWER LEFT PAINTBRUSH â‰Š paintbrush,&#128396;
ğŸ–,LOWER LEFT CRAYON â‰Š crayon,&#128397;
ğŸ“,MEMO,&#128221;
ğŸ’¼,BRIEFCASE,&#128188;
ğŸ“,FILE FOLDER,&#128193;
ğŸ“‚,OPEN FILE FOLDER,&#128194;
ğŸ—‚,CARD INDEX DIVIDERS,&#128450;
ğŸ“…,CALENDAR,&#128197;
ğŸ“†,TEAR-OFF CALENDAR,&#128198;
ğŸ—’,SPIRAL NOTE PAD â‰Š spiral notepad,&#128466;
ğŸ—“,SPIRAL CALENDAR PAD â‰Š spiral calendar,&#128467;
ğŸ“‡,CARD INDEX,&#128199;
ğŸ“ˆ,CHART WITH UPWARDS TREND â‰Š chart increasing,&#128200;
ğŸ“‰,CHART WITH DOWNWARDS TREND â‰Š chart decreasing,&#128201;
ğŸ“Š,BAR CHART,&#128202;
ğŸ“‹,CLIPBOARD,&#128203;
ğŸ“Œ,PUSHPIN,&#128204;
ğŸ“,ROUND PUSHPIN,&#128205;
ğŸ“,PAPERCLIP,&#128206;
ğŸ–‡,LINKED PAPERCLIPS,&#128391;
ğŸ“,STRAIGHT RULER,&#128207;
ğŸ“,TRIANGULAR RULER,&#128208;
âœ‚,BLACK SCISSORS â‰Š scissors,&#9986;
ğŸ—ƒ,CARD FILE BOX,&#128451;
ğŸ—„,FILE CABINET,&#128452;
ğŸ—‘,WASTEBASKET,&#128465;
ğŸ”’,LOCK,&#128274;
ğŸ”“,OPEN LOCK,&#128275;
ğŸ”,LOCK WITH INK PEN â‰Š lock with pen,&#128271;
ğŸ”,CLOSED LOCK WITH KEY,&#128272;
ğŸ”‘,KEY,&#128273;
ğŸ—,OLD KEY,&#128477;
ğŸ”¨,HAMMER,&#128296;
â›,PICK,&#9935;
âš’,HAMMER AND PICK,&#9874;
ğŸ› ,HAMMER AND WRENCH,&#128736;
ğŸ—¡,DAGGER KNIFE â‰Š dagger,&#128481;
âš”,CROSSED SWORDS,&#9876;
ğŸ”«,PISTOL,&#128299;
ğŸ¹,BOW AND ARROW,&#127993;
ğŸ›¡,SHIELD,&#128737;
ğŸ”§,WRENCH,&#128295;
ğŸ”©,NUT AND BOLT,&#128297;
âš™,GEAR,&#9881;
ğŸ—œ,COMPRESSION,&#128476;
âš—,ALEMBIC,&#9879;
âš–,SCALES â‰Š balance scale,&#9878;
ğŸ”—,LINK SYMBOL â‰Š link,&#128279;
â›“,CHAINS,&#9939;
ğŸ’‰,SYRINGE,&#128137;
ğŸ’Š,PILL,&#128138;
ğŸš¬,SMOKING SYMBOL â‰Š smoking,&#128684;
âš°,COFFIN,&#9904;
âš±,FUNERAL URN,&#9905;
ğŸ—¿,MOYAI â‰Š moai,&#128511;
ğŸ›¢,OIL DRUM,&#128738;
ğŸ”®,CRYSTAL BALL,&#128302;
ğŸ›’,SHOPPING TROLLEY â‰Š shopping cart,&#128722;
ğŸ§,AUTOMATED TELLER MACHINE â‰Š ATM sign,&#127975;
ğŸš®,PUT LITTER IN ITS PLACE SYMBOL â‰Š litter in bin sign,&#128686;
ğŸš°,POTABLE WATER SYMBOL â‰Š potable water,&#128688;
â™¿,WHEELCHAIR SYMBOL â‰Š wheelchair,&#9855;
ğŸš¹,MENS SYMBOL â‰Š menÃ¢â‚¬â„¢s room,&#128697;
ğŸšº,WOMENS SYMBOL â‰Š womenÃ¢â‚¬â„¢s room,&#128698;
ğŸš»,RESTROOM,&#128699;
ğŸš¼,BABY SYMBOL,&#128700;
ğŸš¾,WATER CLOSET,&#128702;
ğŸ›‚,PASSPORT CONTROL,&#128706;
ğŸ›ƒ,CUSTOMS,&#128707;
ğŸ›„,BAGGAGE CLAIM,&#128708;
ğŸ›…,LEFT LUGGAGE,&#128709;
âš ,WARNING SIGN â‰Š warning,&#9888;
ğŸš¸,CHILDREN CROSSING,&#128696;
â›”,NO ENTRY,&#9940;
ğŸš«,NO ENTRY SIGN â‰Š prohibited,&#128683;
ğŸš³,NO BICYCLES,&#128691;
ğŸš­,NO SMOKING SYMBOL â‰Š no smoking,&#128685;
ğŸš¯,DO NOT LITTER SYMBOL â‰Š no littering,&#128687;
ğŸš±,NON-POTABLE WATER SYMBOL â‰Š non-potable water,&#128689;
ğŸš·,NO PEDESTRIANS,&#128695;
ğŸ“µ,NO MOBILE PHONES,&#128245;
ğŸ”,NO ONE UNDER EIGHTEEN SYMBOL â‰Š no one under eighteen,&#128286;
â˜¢,RADIOACTIVE SIGN â‰Š radioactive,&#9762;
â˜£,BIOHAZARD SIGN â‰Š biohazard,&#9763;
â¬†,UPWARDS BLACK ARROW â‰Š up arrow,&#11014;
â†—,NORTH EAST ARROW â‰Š up-right arrow,&#8599;
â¡,BLACK RIGHTWARDS ARROW â‰Š right arrow,&#10145;
â†˜,SOUTH EAST ARROW â‰Š down-right arrow,&#8600;
â¬‡,DOWNWARDS BLACK ARROW â‰Š down arrow,&#11015;
â†™,SOUTH WEST ARROW â‰Š down-left arrow,&#8601;
â¬…,LEFTWARDS BLACK ARROW â‰Š left arrow,&#11013;
â†–,NORTH WEST ARROW â‰Š up-left arrow,&#8598;
â†•,UP DOWN ARROW â‰Š up-down arrow,&#8597;
â†”,LEFT RIGHT ARROW â‰Š left-right arrow,&#8596;
â†©,LEFTWARDS ARROW WITH HOOK â‰Š right arrow curving left,&#8617;
â†ª,RIGHTWARDS ARROW WITH HOOK â‰Š left arrow curving right,&#8618;
â¤´,ARROW POINTING RIGHTWARDS THEN CURVING UPWARDS â‰Š right arrow curving up,&#10548;
â¤µ,ARROW POINTING RIGHTWARDS THEN CURVING DOWNWARDS â‰Š right arrow curving down,&#10549;
ğŸ”ƒ,CLOCKWISE DOWNWARDS AND UPWARDS OPEN CIRCLE ARROWS â‰Š clockwise vertical arrows,&#128259;
ğŸ”„,ANTICLOCKWISE DOWNWARDS AND UPWARDS OPEN CIRCLE ARROWS â‰Š anticlockwise arrows button,&#128260;
ğŸ”™,BACK WITH LEFTWARDS ARROW ABOVE â‰Š back arrow,&#128281;
ğŸ”š,END WITH LEFTWARDS ARROW ABOVE â‰Š end arrow,&#128282;
ğŸ”›,ON WITH EXCLAMATION MARK WITH LEFT RIGHT ARROW ABOVE â‰Š on! arrow,&#128283;
ğŸ”œ,SOON WITH RIGHTWARDS ARROW ABOVE â‰Š soon arrow,&#128284;
ğŸ”,TOP WITH UPWARDS ARROW ABOVE â‰Š top arrow,&#128285;
ğŸ›,PLACE OF WORSHIP,&#128720;
âš›,ATOM SYMBOL,&#9883;
ğŸ•‰,OM SYMBOL â‰Š om,&#128329;
âœ¡,STAR OF DAVID,&#10017;
â˜¸,WHEEL OF DHARMA,&#9784;
â˜¯,YIN YANG,&#9775;
âœ,LATIN CROSS,&#10013;
â˜¦,ORTHODOX CROSS,&#9766;
â˜ª,STAR AND CRESCENT,&#9770;
â˜®,PEACE SYMBOL,&#9774;
ğŸ•,MENORAH WITH NINE BRANCHES â‰Š menorah,&#128334;
ğŸ”¯,SIX POINTED STAR WITH MIDDLE DOT â‰Š dotted six-pointed star,&#128303;
â™»,BLACK UNIVERSAL RECYCLING SYMBOL â‰Š recycling symbol,&#9851;
ğŸ“›,NAME BADGE,&#128219;
âšœ,FLEUR-DE-LIS,&#9884;
ğŸ”°,JAPANESE SYMBOL FOR BEGINNER,&#128304;
ğŸ”±,TRIDENT EMBLEM,&#128305;
â­•,HEAVY LARGE CIRCLE,&#11093;
âœ…,WHITE HEAVY CHECK MARK,&#9989;
â˜‘,BALLOT BOX WITH CHECK,&#9745;
âœ”,HEAVY CHECK MARK,&#10004;
âœ–,HEAVY MULTIPLICATION X,&#10006;
âŒ,CROSS MARK,&#10060;
â,NEGATIVE SQUARED CROSS MARK â‰Š cross mark button,&#10062;
â•,HEAVY PLUS SIGN,&#10133;
â–,HEAVY MINUS SIGN,&#10134;
â—,HEAVY DIVISION SIGN,&#10135;
â°,CURLY LOOP,&#10160;
â¿,DOUBLE CURLY LOOP,&#10175;
ã€½,PART ALTERNATION MARK,&#12349;
âœ³,EIGHT SPOKED ASTERISK â‰Š eight-spoked asterisk,&#10035;
âœ´,EIGHT POINTED BLACK STAR â‰Š eight-pointed star,&#10036;
â‡,SPARKLE,&#10055;
â€¼,DOUBLE EXCLAMATION MARK,&#8252;
â‰,EXCLAMATION QUESTION MARK,&#8265;
â“,BLACK QUESTION MARK ORNAMENT â‰Š question mark,&#10067;
â”,WHITE QUESTION MARK ORNAMENT â‰Š white question mark,&#10068;
â•,WHITE EXCLAMATION MARK ORNAMENT â‰Š white exclamation mark,&#10069;
â—,HEAVY EXCLAMATION MARK SYMBOL â‰Š exclamation mark,&#10071;
ã€°,WAVY DASH,&#12336;
Â©,COPYRIGHT SIGN â‰Š copyright,&#169;
Â®,REGISTERED SIGN â‰Š registered,&#174;
â„¢,TRADE MARK SIGN â‰Š trade mark,&#8482;
â™ˆ,ARIES,&#9800;
â™‰,TAURUS,&#9801;
â™Š,GEMINI,&#9802;
â™‹,CANCER,&#9803;
â™Œ,LEO,&#9804;
â™,VIRGO,&#9805;
â™,LIBRA,&#9806;
â™,SCORPIUS,&#9807;
â™,SAGITTARIUS,&#9808;
â™‘,CAPRICORN,&#9809;
â™’,AQUARIUS,&#9810;
â™“,PISCES,&#9811;
â›,OPHIUCHUS,&#9934;
ğŸ”€,TWISTED RIGHTWARDS ARROWS â‰Š shuffle tracks button,&#128256;
ğŸ”,CLOCKWISE RIGHTWARDS AND LEFTWARDS OPEN CIRCLE ARROWS â‰Š repeat button,&#128257;
ğŸ”‚,CLOCKWISE RIGHTWARDS AND LEFTWARDS OPEN CIRCLE ARROWS WITH CIRCLED ONE OVERLAY â‰Š repeat single button,&#128258;
â–¶,BLACK RIGHT-POINTING TRIANGLE â‰Š play button,&#9654;
â©,BLACK RIGHT-POINTING DOUBLE TRIANGLE â‰Š fast-forword button,&#9193;
â­,BLACK RIGHT-POINTING DOUBLE TRIANGLE WITH VERTICAL BAR â‰Š next track button,&#9197;
â¯,BLACK RIGHT-POINTING TRIANGLE WITH DOUBLE VERTICAL BAR â‰Š play or pause button,&#9199;
â—€,BLACK LEFT-POINTING TRIANGLE â‰Š reverse button,&#9664;
âª,BLACK LEFT-POINTING DOUBLE TRIANGLE â‰Š fast reverse button,&#9194;
â®,BLACK LEFT-POINTING DOUBLE TRIANGLE WITH VERTICAL BAR â‰Š last track button,&#9198;
ğŸ”¼,UP-POINTING SMALL RED TRIANGLE â‰Š up button,&#128316;
â«,BLACK UP-POINTING DOUBLE TRIANGLE â‰Š fast up button,&#9195;
ğŸ”½,DOWN-POINTING SMALL RED TRIANGLE â‰Š down button,&#128317;
â¬,BLACK DOWN-POINTING DOUBLE TRIANGLE â‰Š fast down button,&#9196;
â¸,DOUBLE VERTICAL BAR â‰Š pause button,&#9208;
â¹,BLACK SQUARE FOR STOP â‰Š stop button,&#9209;
âº,BLACK CIRCLE FOR RECORD â‰Š record button,&#9210;
â,EJECT SYMBOL â‰Š eject button,&#9167;
ğŸ¦,CINEMA,&#127910;
ğŸ”…,LOW BRIGHTNESS SYMBOL â‰Š dim button,&#128261;
ğŸ”†,HIGH BRIGHTNESS SYMBOL â‰Š bright button,&#128262;
ğŸ“¶,ANTENNA WITH BARS â‰Š antenna bars,&#128246;
ğŸ“³,VIBRATION MODE,&#128243;
ğŸ“´,MOBILE PHONE OFF,&#128244;
#ï¸âƒ£,keycap #,&#35; &#65039; &#8419;
*ï¸âƒ£,keycap *,&#42; &#65039; &#8419;
0ï¸âƒ£,keycap 0,&#48; &#65039; &#8419;
1ï¸âƒ£,keycap 1,&#49; &#65039; &#8419;
2ï¸âƒ£,keycap 2,&#50; &#65039; &#8419;
3ï¸âƒ£,keycap 3,&#51; &#65039; &#8419;
4ï¸âƒ£,keycap 4,&#52; &#65039; &#8419;
5ï¸âƒ£,keycap 5,&#53; &#65039; &#8419;
6ï¸âƒ£,keycap 6,&#54; &#65039; &#8419;
7ï¸âƒ£,keycap 7,&#55; &#65039; &#8419;
8ï¸âƒ£,keycap 8,&#56; &#65039; &#8419;
9ï¸âƒ£,keycap 9,&#57; &#65039; &#8419;
ğŸ”Ÿ,KEYCAP TEN â‰Š keycap #,&#128287;
ğŸ’¯,HUNDRED POINTS SYMBOL â‰Š hundred points,&#128175;
ğŸ” ,INPUT SYMBOL FOR LATIN CAPITAL LETTERS â‰Š input latin uppercase,&#128288;
ğŸ”¡,INPUT SYMBOL FOR LATIN SMALL LETTERS â‰Š input latin lowercase,&#128289;
ğŸ”¢,INPUT SYMBOL FOR NUMBERS â‰Š input numbers,&#128290;
ğŸ”£,INPUT SYMBOL FOR SYMBOLS â‰Š input symbols,&#128291;
ğŸ”¤,INPUT SYMBOL FOR LATIN LETTERS â‰Š input latin letters,&#128292;
ğŸ…°,NEGATIVE SQUARED LATIN CAPITAL LETTER A â‰Š a button,&#127344;
ğŸ†,NEGATIVE SQUARED AB â‰Š ab button,&#127374;
ğŸ…±,NEGATIVE SQUARED LATIN CAPITAL LETTER B â‰Š b button,&#127345;
ğŸ†‘,SQUARED CL,&#127377;
ğŸ†’,SQUARED COOL,&#127378;
ğŸ†“,SQUARED FREE,&#127379;
â„¹,INFORMATION SOURCE,&#8505;
ğŸ†”,SQUARED ID,&#127380;
â“‚,CIRCLED LATIN CAPITAL LETTER M â‰Š circled letter m,&#9410;
ğŸ†•,SQUARED NEW,&#127381;
ğŸ†–,SQUARED NG,&#127382;
ğŸ…¾,NEGATIVE SQUARED LATIN CAPITAL LETTER O â‰Š o button,&#127358;
ğŸ†—,SQUARED OK,&#127383;
ğŸ…¿,NEGATIVE SQUARED LATIN CAPITAL LETTER P â‰Š p button,&#127359;
ğŸ†˜,SQUARED SOS,&#127384;
ğŸ†™,SQUARED UP WITH EXCLAMATION MARK â‰Š up! button,&#127385;
ğŸ†š,SQUARED VS,&#127386;
ğŸˆ,SQUARED KATAKANA KOKO,&#127489;
ğŸˆ‚,SQUARED KATAKANA SA,&#127490;
ğŸˆ·,SQUARED CJK UNIFIED IDEOGRAPH-6708 â‰Š squared moon ideograph,&#127543;
ğŸˆ¶,SQUARED CJK UNIFIED IDEOGRAPH-6709 â‰Š squared exist ideograph,&#127542;
ğŸˆ¯,SQUARED CJK UNIFIED IDEOGRAPH-6307 â‰Š squared finger ideograph,&#127535;
ğŸ‰,CIRCLED IDEOGRAPH ADVANTAGE â‰Š circled advantage ideograph,&#127568;
ğŸˆ¹,SQUARED CJK UNIFIED IDEOGRAPH-5272 â‰Š squared divide ideograph,&#127545;
ğŸˆš,SQUARED CJK UNIFIED IDEOGRAPH-7121 â‰Š squared negation ideograph,&#127514;
ğŸˆ²,SQUARED CJK UNIFIED IDEOGRAPH-7981 â‰Š squared prohibit ideograph,&#127538;
ğŸ‰‘,CIRCLED IDEOGRAPH ACCEPT â‰Š circled accept ideograph,&#127569;
ğŸˆ¸,SQUARED CJK UNIFIED IDEOGRAPH-7533 â‰Š squared apply ideograph,&#127544;
ğŸˆ´,SQUARED CJK UNIFIED IDEOGRAPH-5408 â‰Š squared together ideograph,&#127540;
ğŸˆ³,SQUARED CJK UNIFIED IDEOGRAPH-7A7A â‰Š squared empty ideograph,&#127539;
ãŠ—,CIRCLED IDEOGRAPH CONGRATULATION â‰Š circled congratulate ideograph,&#12951;
ãŠ™,CIRCLED IDEOGRAPH SECRET â‰Š circled secret ideograph,&#12953;
ğŸˆº,SQUARED CJK UNIFIED IDEOGRAPH-55B6 â‰Š squared operating ideograph,&#127546;
ğŸˆµ,SQUARED CJK UNIFIED IDEOGRAPH-6E80 â‰Š squared fullness ideograph,&#127541;
â–ª,BLACK SMALL SQUARE,&#9642;
â–«,WHITE SMALL SQUARE,&#9643;
â—»,WHITE MEDIUM SQUARE,&#9723;
â—¼,BLACK MEDIUM SQUARE,&#9724;
â—½,WHITE MEDIUM SMALL SQUARE â‰Š white medium-small square,&#9725;
â—¾,BLACK MEDIUM SMALL SQUARE â‰Š black medium-small square,&#9726;
â¬›,BLACK LARGE SQUARE,&#11035;
â¬œ,WHITE LARGE SQUARE,&#11036;
ğŸ”¶,LARGE ORANGE DIAMOND,&#128310;
ğŸ”·,LARGE BLUE DIAMOND,&#128311;
ğŸ”¸,SMALL ORANGE DIAMOND,&#128312;
ğŸ”¹,SMALL BLUE DIAMOND,&#128313;
ğŸ”º,UP-POINTING RED TRIANGLE â‰Š red triangle pointed up,&#128314;
ğŸ”»,DOWN-POINTING RED TRIANGLE â‰Š red triangle pointed down,&#128315;
ğŸ’ ,DIAMOND SHAPE WITH A DOT INSIDE â‰Š diamond with a dot,&#128160;
ğŸ”˜,RADIO BUTTON,&#128280;
ğŸ”²,BLACK SQUARE BUTTON,&#128306;
ğŸ”³,WHITE SQUARE BUTTON,&#128307;
âšª,MEDIUM WHITE CIRCLE â‰Š white circle,&#9898;
âš«,MEDIUM BLACK CIRCLE â‰Š black circle,&#9899;
ğŸ”´,LARGE RED CIRCLE â‰Š red circle,&#128308;
ğŸ”µ,LARGE BLUE CIRCLE â‰Š blue circle,&#128309;
ğŸ,CHEQUERED FLAG,&#127937;
ğŸš©,TRIANGULAR FLAG ON POST â‰Š triangular flag,&#128681;
ğŸŒ,CROSSED FLAGS,&#127884;
ğŸ´,WAVING BLACK FLAG,&#127988;
ğŸ³,WAVING WHITE FLAG,&#127987;
ğŸ‡¦ğŸ‡¨,Ascension Island,&#127462; &#127464;
ğŸ‡¦ğŸ‡©,Andorra,&#127462; &#127465;
ğŸ‡¦ğŸ‡ª,United Arab Emirates,&#127462; &#127466;
ğŸ‡¦ğŸ‡«,Afghanistan,&#127462; &#127467;
ğŸ‡¦ğŸ‡¬,Antigua & Barbuda,&#127462; &#127468;
ğŸ‡¦ğŸ‡®,Anguilla,&#127462; &#127470;
ğŸ‡¦ğŸ‡±,Albania,&#127462; &#127473;
ğŸ‡¦ğŸ‡²,Armenia,&#127462; &#127474;
ğŸ‡¦ğŸ‡´,Angola,&#127462; &#127476;
ğŸ‡¦ğŸ‡¶,Antarctica,&#127462; &#127478;
ğŸ‡¦ğŸ‡·,Argentina,&#127462; &#127479;
ğŸ‡¦ğŸ‡¸,American Samoa,&#127462; &#127480;
ğŸ‡¦ğŸ‡¹,Austria,&#127462; &#127481;
ğŸ‡¦ğŸ‡º,Australia,&#127462; &#127482;
ğŸ‡¦ğŸ‡¼,Aruba,&#127462; &#127484;
ğŸ‡¦ğŸ‡½,Ãƒâ€¦land Islands,&#127462; &#127485;
ğŸ‡¦ğŸ‡¿,Azerbaijan,&#127462; &#127487;
ğŸ‡§ğŸ‡¦,Bosnia & Herzegovina,&#127463; &#127462;
ğŸ‡§ğŸ‡§,Barbados,&#127463; &#127463;
ğŸ‡§ğŸ‡©,Bangladesh,&#127463; &#127465;
ğŸ‡§ğŸ‡ª,Belgium,&#127463; &#127466;
ğŸ‡§ğŸ‡«,Burkina Faso,&#127463; &#127467;
ğŸ‡§ğŸ‡¬,Bulgaria,&#127463; &#127468;
ğŸ‡§ğŸ‡­,Bahrain,&#127463; &#127469;
ğŸ‡§ğŸ‡®,Burundi,&#127463; &#127470;
ğŸ‡§ğŸ‡¯,Benin,&#127463; &#127471;
ğŸ‡§ğŸ‡±,St. BarthÃƒÂ©lemy,&#127463; &#127473;
ğŸ‡§ğŸ‡²,Bermuda,&#127463; &#127474;
ğŸ‡§ğŸ‡³,Brunei,&#127463; &#127475;
ğŸ‡§ğŸ‡´,Bolivia,&#127463; &#127476;
ğŸ‡§ğŸ‡¶,Caribbean Netherlands,&#127463; &#127478;
ğŸ‡§ğŸ‡·,Brazil,&#127463; &#127479;
ğŸ‡§ğŸ‡¸,Bahamas,&#127463; &#127480;
ğŸ‡§ğŸ‡¹,Bhutan,&#127463; &#127481;
ğŸ‡§ğŸ‡»,Bouvet Island,&#127463; &#127483;
ğŸ‡§ğŸ‡¼,Botswana,&#127463; &#127484;
ğŸ‡§ğŸ‡¾,Belarus,&#127463; &#127486;
ğŸ‡§ğŸ‡¿,Belize,&#127463; &#127487;
ğŸ‡¨ğŸ‡¦,Canada,&#127464; &#127462;
ğŸ‡¨ğŸ‡¨,Cocos (Keeling) Islands,&#127464; &#127464;
ğŸ‡¨ğŸ‡©,Congo - Kinshasa,&#127464; &#127465;
ğŸ‡¨ğŸ‡«,Central African Republic,&#127464; &#127467;
ğŸ‡¨ğŸ‡¬,Congo - Brazzaville,&#127464; &#127468;
ğŸ‡¨ğŸ‡­,Switzerland,&#127464; &#127469;
ğŸ‡¨ğŸ‡®,CÃƒÂ´te dÃ¢â‚¬â„¢Ivoire,&#127464; &#127470;
ğŸ‡¨ğŸ‡°,Cook Islands,&#127464; &#127472;
ğŸ‡¨ğŸ‡±,Chile,&#127464; &#127473;
ğŸ‡¨ğŸ‡²,Cameroon,&#127464; &#127474;
ğŸ‡¨ğŸ‡³,China,&#127464; &#127475;
ğŸ‡¨ğŸ‡´,Colombia,&#127464; &#127476;
ğŸ‡¨ğŸ‡µ,Clipperton Island,&#127464; &#127477;
ğŸ‡¨ğŸ‡·,Costa Rica,&#127464; &#127479;
ğŸ‡¨ğŸ‡º,Cuba,&#127464; &#127482;
ğŸ‡¨ğŸ‡»,Cape Verde,&#127464; &#127483;
ğŸ‡¨ğŸ‡¼,CuraÃƒÂ§ao,&#127464; &#127484;
ğŸ‡¨ğŸ‡½,Christmas Island,&#127464; &#127485;
ğŸ‡¨ğŸ‡¾,Cyprus,&#127464; &#127486;
ğŸ‡¨ğŸ‡¿,Czech Republic,&#127464; &#127487;
ğŸ‡©ğŸ‡ª,Germany,&#127465; &#127466;
ğŸ‡©ğŸ‡¬,Diego Garcia,&#127465; &#127468;
ğŸ‡©ğŸ‡¯,Djibouti,&#127465; &#127471;
ğŸ‡©ğŸ‡°,Denmark,&#127465; &#127472;
ğŸ‡©ğŸ‡²,Dominica,&#127465; &#127474;
ğŸ‡©ğŸ‡´,Dominican Republic,&#127465; &#127476;
ğŸ‡©ğŸ‡¿,Algeria,&#127465; &#127487;
ğŸ‡ªğŸ‡¦,Ceuta & Melilla,&#127466; &#127462;
ğŸ‡ªğŸ‡¨,Ecuador,&#127466; &#127464;
ğŸ‡ªğŸ‡ª,Estonia,&#127466; &#127466;
ğŸ‡ªğŸ‡¬,Egypt,&#127466; &#127468;
ğŸ‡ªğŸ‡­,Western Sahara,&#127466; &#127469;
ğŸ‡ªğŸ‡·,Eritrea,&#127466; &#127479;
ğŸ‡ªğŸ‡¸,Spain,&#127466; &#127480;
ğŸ‡ªğŸ‡¹,Ethiopia,&#127466; &#127481;
ğŸ‡ªğŸ‡º,European Union,&#127466; &#127482;
ğŸ‡«ğŸ‡®,Finland,&#127467; &#127470;
ğŸ‡«ğŸ‡¯,Fiji,&#127467; &#127471;
ğŸ‡«ğŸ‡°,Falkland Islands,&#127467; &#127472;
ğŸ‡«ğŸ‡²,Micronesia,&#127467; &#127474;
ğŸ‡«ğŸ‡´,Faroe Islands,&#127467; &#127476;
ğŸ‡«ğŸ‡·,France,&#127467; &#127479;
ğŸ‡¬ğŸ‡¦,Gabon,&#127468; &#127462;
ğŸ‡¬ğŸ‡§,United Kingdom,&#127468; &#127463;
ğŸ‡¬ğŸ‡©,Grenada,&#127468; &#127465;
ğŸ‡¬ğŸ‡ª,Georgia,&#127468; &#127466;
ğŸ‡¬ğŸ‡«,French Guiana,&#127468; &#127467;
ğŸ‡¬ğŸ‡¬,Guernsey,&#127468; &#127468;
ğŸ‡¬ğŸ‡­,Ghana,&#127468; &#127469;
ğŸ‡¬ğŸ‡®,Gibraltar,&#127468; &#127470;
ğŸ‡¬ğŸ‡±,Greenland,&#127468; &#127473;
ğŸ‡¬ğŸ‡²,Gambia,&#127468; &#127474;
ğŸ‡¬ğŸ‡³,Guinea,&#127468; &#127475;
ğŸ‡¬ğŸ‡µ,Guadeloupe,&#127468; &#127477;
ğŸ‡¬ğŸ‡¶,Equatorial Guinea,&#127468; &#127478;
ğŸ‡¬ğŸ‡·,Greece,&#127468; &#127479;
ğŸ‡¬ğŸ‡¸,South Georgia & South Sandwich Islands,&#127468; &#127480;
ğŸ‡¬ğŸ‡¹,Guatemala,&#127468; &#127481;
ğŸ‡¬ğŸ‡º,Guam,&#127468; &#127482;
ğŸ‡¬ğŸ‡¼,Guinea-Bissau,&#127468; &#127484;
ğŸ‡¬ğŸ‡¾,Guyana,&#127468; &#127486;
ğŸ‡­ğŸ‡°,Hong Kong SAR China,&#127469; &#127472;
ğŸ‡­ğŸ‡²,Heard & McDonald Islands,&#127469; &#127474;
ğŸ‡­ğŸ‡³,Honduras,&#127469; &#127475;
ğŸ‡­ğŸ‡·,Croatia,&#127469; &#127479;
ğŸ‡­ğŸ‡¹,Haiti,&#127469; &#127481;
ğŸ‡­ğŸ‡º,Hungary,&#127469; &#127482;
ğŸ‡®ğŸ‡¨,Canary Islands,&#127470; &#127464;
ğŸ‡®ğŸ‡©,Indonesia,&#127470; &#127465;
ğŸ‡®ğŸ‡ª,Ireland,&#127470; &#127466;
ğŸ‡®ğŸ‡±,Israel,&#127470; &#127473;
ğŸ‡®ğŸ‡²,Isle of Man,&#127470; &#127474;
ğŸ‡®ğŸ‡³,India,&#127470; &#127475;
ğŸ‡®ğŸ‡´,British Indian Ocean Territory,&#127470; &#127476;
ğŸ‡®ğŸ‡¶,Iraq,&#127470; &#127478;
ğŸ‡®ğŸ‡·,Iran,&#127470; &#127479;
ğŸ‡®ğŸ‡¸,Iceland,&#127470; &#127480;
ğŸ‡®ğŸ‡¹,Italy,&#127470; &#127481;
ğŸ‡¯ğŸ‡ª,Jersey,&#127471; &#127466;
ğŸ‡¯ğŸ‡²,Jamaica,&#127471; &#127474;
ğŸ‡¯ğŸ‡´,Jordan,&#127471; &#127476;
ğŸ‡¯ğŸ‡µ,Japan,&#127471; &#127477;
ğŸ‡°ğŸ‡ª,Kenya,&#127472; &#127466;
ğŸ‡°ğŸ‡¬,Kyrgyzstan,&#127472; &#127468;
ğŸ‡°ğŸ‡­,Cambodia,&#127472; &#127469;
ğŸ‡°ğŸ‡®,Kiribati,&#127472; &#127470;
ğŸ‡°ğŸ‡²,Comoros,&#127472; &#127474;
ğŸ‡°ğŸ‡³,St. Kitts & Nevis,&#127472; &#127475;
ğŸ‡°ğŸ‡µ,North Korea,&#127472; &#127477;
ğŸ‡°ğŸ‡·,South Korea,&#127472; &#127479;
ğŸ‡°ğŸ‡¼,Kuwait,&#127472; &#127484;
ğŸ‡°ğŸ‡¾,Cayman Islands,&#127472; &#127486;
ğŸ‡°ğŸ‡¿,Kazakhstan,&#127472; &#127487;
ğŸ‡±ğŸ‡¦,Laos,&#127473; &#127462;
ğŸ‡±ğŸ‡§,Lebanon,&#127473; &#127463;
ğŸ‡±ğŸ‡¨,St. Lucia,&#127473; &#127464;
ğŸ‡±ğŸ‡®,Liechtenstein,&#127473; &#127470;
ğŸ‡±ğŸ‡°,Sri Lanka,&#127473; &#127472;
ğŸ‡±ğŸ‡·,Liberia,&#127473; &#127479;
ğŸ‡±ğŸ‡¸,Lesotho,&#127473; &#127480;
ğŸ‡±ğŸ‡¹,Lithuania,&#127473; &#127481;
ğŸ‡±ğŸ‡º,Luxembourg,&#127473; &#127482;
ğŸ‡±ğŸ‡»,Latvia,&#127473; &#127483;
ğŸ‡±ğŸ‡¾,Libya,&#127473; &#127486;
ğŸ‡²ğŸ‡¦,Morocco,&#127474; &#127462;
ğŸ‡²ğŸ‡¨,Monaco,&#127474; &#127464;
ğŸ‡²ğŸ‡©,Moldova,&#127474; &#127465;
ğŸ‡²ğŸ‡ª,Montenegro,&#127474; &#127466;
ğŸ‡²ğŸ‡«,St. Martin,&#127474; &#127467;
ğŸ‡²ğŸ‡¬,Madagascar,&#127474; &#127468;
ğŸ‡²ğŸ‡­,Marshall Islands,&#127474; &#127469;
ğŸ‡²ğŸ‡°,Macedonia,&#127474; &#127472;
ğŸ‡²ğŸ‡±,Mali,&#127474; &#127473;
ğŸ‡²ğŸ‡²,Myanmar (Burma),&#127474; &#127474;
ğŸ‡²ğŸ‡³,Mongolia,&#127474; &#127475;
ğŸ‡²ğŸ‡´,Macau SAR China,&#127474; &#127476;
ğŸ‡²ğŸ‡µ,Northern Mariana Islands,&#127474; &#127477;
ğŸ‡²ğŸ‡¶,Martinique,&#127474; &#127478;
ğŸ‡²ğŸ‡·,Mauritania,&#127474; &#127479;
ğŸ‡²ğŸ‡¸,Montserrat,&#127474; &#127480;
ğŸ‡²ğŸ‡¹,Malta,&#127474; &#127481;
ğŸ‡²ğŸ‡º,Mauritius,&#127474; &#127482;
ğŸ‡²ğŸ‡»,Maldives,&#127474; &#127483;
ğŸ‡²ğŸ‡¼,Malawi,&#127474; &#127484;
ğŸ‡²ğŸ‡½,Mexico,&#127474; &#127485;
ğŸ‡²ğŸ‡¾,Malaysia,&#127474; &#127486;
ğŸ‡²ğŸ‡¿,Mozambique,&#127474; &#127487;
ğŸ‡³ğŸ‡¦,Namibia,&#127475; &#127462;
ğŸ‡³ğŸ‡¨,New Caledonia,&#127475; &#127464;
ğŸ‡³ğŸ‡ª,Niger,&#127475; &#127466;
ğŸ‡³ğŸ‡«,Norfolk Island,&#127475; &#127467;
ğŸ‡³ğŸ‡¬,Nigeria,&#127475; &#127468;
ğŸ‡³ğŸ‡®,Nicaragua,&#127475; &#127470;
ğŸ‡³ğŸ‡±,Netherlands,&#127475; &#127473;
ğŸ‡³ğŸ‡´,Norway,&#127475; &#127476;
ğŸ‡³ğŸ‡µ,Nepal,&#127475; &#127477;
ğŸ‡³ğŸ‡·,Nauru,&#127475; &#127479;
ğŸ‡³ğŸ‡º,Niue,&#127475; &#127482;
ğŸ‡³ğŸ‡¿,New Zealand,&#127475; &#127487;
ğŸ‡´ğŸ‡²,Oman,&#127476; &#127474;
ğŸ‡µğŸ‡¦,Panama,&#127477; &#127462;
ğŸ‡µğŸ‡ª,Peru,&#127477; &#127466;
ğŸ‡µğŸ‡«,French Polynesia,&#127477; &#127467;
ğŸ‡µğŸ‡¬,Papua New Guinea,&#127477; &#127468;
ğŸ‡µğŸ‡­,Philippines,&#127477; &#127469;
ğŸ‡µğŸ‡°,Pakistan,&#127477; &#127472;
ğŸ‡µğŸ‡±,Poland,&#127477; &#127473;
ğŸ‡µğŸ‡²,St. Pierre & Miquelon,&#127477; &#127474;
ğŸ‡µğŸ‡³,Pitcairn Islands,&#127477; &#127475;
ğŸ‡µğŸ‡·,Puerto Rico,&#127477; &#127479;
ğŸ‡µğŸ‡¸,Palestinian Territories,&#127477; &#127480;
ğŸ‡µğŸ‡¹,Portugal,&#127477; &#127481;
ğŸ‡µğŸ‡¼,Palau,&#127477; &#127484;
ğŸ‡µğŸ‡¾,Paraguay,&#127477; &#127486;
ğŸ‡¶ğŸ‡¦,Qatar,&#127478; &#127462;
ğŸ‡·ğŸ‡ª,RÃƒÂ©union,&#127479; &#127466;
ğŸ‡·ğŸ‡´,Romania,&#127479; &#127476;
ğŸ‡·ğŸ‡¸,Serbia,&#127479; &#127480;
ğŸ‡·ğŸ‡º,Russia,&#127479; &#127482;
ğŸ‡·ğŸ‡¼,Rwanda,&#127479; &#127484;
ğŸ‡¸ğŸ‡¦,Saudi Arabia,&#127480; &#127462;
ğŸ‡¸ğŸ‡§,Solomon Islands,&#127480; &#127463;
ğŸ‡¸ğŸ‡¨,Seychelles,&#127480; &#127464;
ğŸ‡¸ğŸ‡©,Sudan,&#127480; &#127465;
ğŸ‡¸ğŸ‡ª,Sweden,&#127480; &#127466;
ğŸ‡¸ğŸ‡¬,Singapore,&#127480; &#127468;
ğŸ‡¸ğŸ‡­,St. Helena,&#127480; &#127469;
ğŸ‡¸ğŸ‡®,Slovenia,&#127480; &#127470;
ğŸ‡¸ğŸ‡¯,Svalbard & Jan Mayen,&#127480; &#127471;
ğŸ‡¸ğŸ‡°,Slovakia,&#127480; &#127472;
ğŸ‡¸ğŸ‡±,Sierra Leone,&#127480; &#127473;
ğŸ‡¸ğŸ‡²,San Marino,&#127480; &#127474;
ğŸ‡¸ğŸ‡³,Senegal,&#127480; &#127475;
ğŸ‡¸ğŸ‡´,Somalia,&#127480; &#127476;
ğŸ‡¸ğŸ‡·,Suriname,&#127480; &#127479;
ğŸ‡¸ğŸ‡¸,South Sudan,&#127480; &#127480;
ğŸ‡¸ğŸ‡¹,SÃƒÂ£o TomÃƒÂ© & PrÃƒÂ­ncipe,&#127480; &#127481;
ğŸ‡¸ğŸ‡»,El Salvador,&#127480; &#127483;
ğŸ‡¸ğŸ‡½,Sint Maarten,&#127480; &#127485;
ğŸ‡¸ğŸ‡¾,Syria,&#127480; &#127486;
ğŸ‡¸ğŸ‡¿,Swaziland,&#127480; &#127487;
ğŸ‡¹ğŸ‡¦,Tristan da Cunha,&#127481; &#127462;
ğŸ‡¹ğŸ‡¨,Turks & Caicos Islands,&#127481; &#127464;
ğŸ‡¹ğŸ‡©,Chad,&#127481; &#127465;
ğŸ‡¹ğŸ‡«,French Southern Territories,&#127481; &#127467;
ğŸ‡¹ğŸ‡¬,Togo,&#127481; &#127468;
ğŸ‡¹ğŸ‡­,Thailand,&#127481; &#127469;
ğŸ‡¹ğŸ‡¯,Tajikistan,&#127481; &#127471;
ğŸ‡¹ğŸ‡°,Tokelau,&#127481; &#127472;
ğŸ‡¹ğŸ‡±,Timor-Leste,&#127481; &#127473;
ğŸ‡¹ğŸ‡²,Turkmenistan,&#127481; &#127474;
ğŸ‡¹ğŸ‡³,Tunisia,&#127481; &#127475;
ğŸ‡¹ğŸ‡´,Tonga,&#127481; &#127476;
ğŸ‡¹ğŸ‡·,Turkey,&#127481; &#127479;
ğŸ‡¹ğŸ‡¹,Trinidad & Tobago,&#127481; &#127481;
ğŸ‡¹ğŸ‡»,Tuvalu,&#127481; &#127483;
ğŸ‡¹ğŸ‡¼,Taiwan,&#127481; &#127484;
ğŸ‡¹ğŸ‡¿,Tanzania,&#127481; &#127487;
ğŸ‡ºğŸ‡¦,Ukraine,&#127482; &#127462;
ğŸ‡ºğŸ‡¬,Uganda,&#127482; &#127468;
ğŸ‡ºğŸ‡²,U.S. Outlying Islands,&#127482; &#127474;
ğŸ‡ºğŸ‡¸,United States,&#127482; &#127480;
ğŸ‡ºğŸ‡¾,Uruguay,&#127482; &#127486;
ğŸ‡ºğŸ‡¿,Uzbekistan,&#127482; &#127487;
ğŸ‡»ğŸ‡¦,Vatican City,&#127483; &#127462;
ğŸ‡»ğŸ‡¨,St. Vincent & Grenadines,&#127483; &#127464;
ğŸ‡»ğŸ‡ª,Venezuela,&#127483; &#127466;
ğŸ‡»ğŸ‡¬,British Virgin Islands,&#127483; &#127468;
ğŸ‡»ğŸ‡®,U.S. Virgin Islands,&#127483; &#127470;
ğŸ‡»ğŸ‡³,Vietnam,&#127483; &#127475;
ğŸ‡»ğŸ‡º,Vanuatu,&#127483; &#127482;
ğŸ‡¼ğŸ‡«,Wallis & Futuna,&#127484; &#127467;
ğŸ‡¼ğŸ‡¸,Samoa,&#127484; &#127480;
ğŸ‡½ğŸ‡°,Kosovo,&#127485; &#127472;
ğŸ‡¾ğŸ‡ª,Yemen,&#127486; &#127466;
ğŸ‡¾ğŸ‡¹,Mayotte,&#127486; &#127481;
ğŸ‡¿ğŸ‡¦,South Africa,&#127487; &#127462;
ğŸ‡¿ğŸ‡²,Zambia,&#127487; &#127474;
ğŸ‡¿ğŸ‡¼,Zimbabwe,&#127487; &#127484;
